Workbook

Sheet Sheet1
A1: check | B1: (All)
A4: transfermarkt_id | B4: explanation
A5: 65 | B5: first scrap players fbref
A6: 65 Total
A7: 68 | B7: first scrap players fbref
A8: 68 Total
A9: 122 | B9: first scrap players fbref
A10: 122 Total
A11: 132 | B11: first scrap players fbref
A12: 132 Total
A13: 201 | B13: first scrap players fbref
A14: 201 Total
A15: 215 | B15: first scrap players fbref
A16: 215 Total
A17: 488 | B17: first scrap players fbref
A18: 488 Total
A19: 597 | B19: first scrap players fbref
A20: 597 Total
A21: 670 | B21: first scrap players fbref
A22: 670 Total
A23: 690 | B23: first scrap players fbref
A24: 690 Total
A25: 1094 | B25: first scrap players fbref
A26: 1094 Total
A27: 1320 | B27: first scrap players fbref
A28: 1320 Total
A29: 1321 | B29: first scrap players fbref
A30: 1321 Total
A31: 1327 | B31: first scrap players fbref
A32: 1327 Total
A33: 1368 | B33: first scrap players fbref
A34: 1368 Total
A35: 1397 | B35: first scrap players fbref
A36: 1397 Total
A37: 1423 | B37: first scrap players fbref
A38: 1423 Total
A39: 1443 | B39: first scrap players fbref
A40: 1443 Total
A41: 1573 | B41: first scrap players fbref
A42: 1573 Total
A43: 1662 | B43: first scrap players fbref
A44: 1662 Total
A45: 2514 | B45: first scrap players fbref
A46: 2514 Total
A47: 2857 | B47: first scrap players fbref
A48: 2857 Total
A49: 2874 | B49: first scrap players fbref
A50: 2874 Total
A51: 2953 | B51: first scrap players fbref
A52: 2953 Total
A53: 2963 | B53: first scrap players fbref
A54: 2963 Total
A55: 2998 | B55: first scrap players fbref
A56: 2998 Total
A57: 3091 | B57: first scrap players fbref
A58: 3091 Total
A59: 3092 | B59: first scrap players fbref
A60: 3092 Total
A61: 3109 | B61: first scrap players fbref
A62: 3109 Total
A63: 3112 | B63: first scrap players fbref
A64: 3112 Total
A65: 3118 | B65: first scrap players fbref
A66: 3118 Total
A67: 3130 | B67: first scrap players fbref
A68: 3130 Total
A69: 3131 | B69: first scrap players fbref
A70: 3131 Total
A71: 3142 | B71: first scrap players fbref
A72: 3142 Total
A73: 3144 | B73: first scrap players fbref
A74: 3144 Total
A75: 3146 | B75: first scrap players fbref
A76: 3146 Total
A77: 3151 | B77: first scrap players fbref
A78: 3151 Total
A79: 3156 | B79: first scrap players fbref
A80: 3156 Total
A81: 3160 | B81: first scrap players fbref
A82: 3160 Total
A83: 3163 | B83: first scrap players fbref
A84: 3163 Total
A85: 3173 | B85: first scrap players fbref
A86: 3173 Total
A87: 3176 | B87: first scrap players fbref
A88: 3176 Total
A89: 3179 | B89: first scrap players fbref
A90: 3179 Total
A91: 3182 | B91: first scrap players fbref
A92: 3182 Total
A93: 3183 | B93: first scrap players fbref
B94: players corrected fbref
A95: 3183 Total
A96: 3185 | B96: first scrap players fbref
A97: 3185 Total
A98: 3190 | B98: first scrap players fbref
A99: 3190 Total
A100: 3195 | B100: first scrap players fbref
A101: 3195 Total
A102: 3198 | B102: first scrap players fbref
...

Sheet premier_fbref2
A1: transfermarkt_id | B1: player_name | C1: player_url | D1: name_home_country | E1: dob_age | F1: place_birth | G1: height | H1: citizenship | I1: position | J1: foot | K1: debut_season | L1: debut_age | M1: first_club | N1: debut_year | O1: check | P1: transfermarkt_url | Q1: explanation
A2: 65 | B2: Dimitar Berbatov | C2: https://fbref.com/en/players/f5781978/Dimitar-Berbatov | D2: Not found | E2: 29616 | F2: Not found | G2: 189 | H2: Bulgaria | I2: FW | J2: Right | K2: 2000-2001 | L2: 19 years | M2: Leverkusen | N2: 2000 | O2: =VLOOKUP(A2,Sheet3!A:Q,17,0) -> #N/A | P2: https://www.transfermarkt.com/dimitar-berbatov/profil/spieler/65 | Q2: first scrap players fbref
A3: 68 | B3: Landon Donovan | C3: https://fbref.com/en/players/594d4046/Landon-Donovan | D3: Not found | E3: 30014 | F3: Not found | G3: 173 | H3: United States | I3: FW-MF (AM-WM) | J3: Both | K3: 2001 | L3: 18 years | M3: SJ Earthquakes | N3: Not found | O3: =VLOOKUP(A3,Sheet3!A:Q,17,0) -> #N/A | P3: https://www.transfermarkt.com/landon-donovan/profil/spieler/68 | Q3: first scrap players fbref
A4: 122 | B4: Jens Lehmann | C4: https://fbref.com/en/players/d1ca1129/Jens-Lehmann | D4: Not found | E4: 25517 | F4: Not found | G4: 190 | H4: Germany | I4: GK | J4: Not found | K4: 1991-1992 | L4: 21 years | M4: Schalke 04 | N4: 1991 | O4: =VLOOKUP(A4,Sheet3!A:Q,17,0) -> #N/A | P4: https://www.transfermarkt.com/jens-lehmann/profil/spieler/122 | Q4: first scrap players fbref
A5: 132 | B5: TomÃ¡Å¡ RosickÃ½ | C5: https://fbref.com/en/players/dbb688e3/Tomas-Rosicky | D5: Not found | E5: 29498 | F5: Not found | G5: 180 | H5: Czech Republic | I5: MF (AM-WM) | J5: Both | K5: 2000-2001 | L5: 19 years | M5: Dortmund | N5: 2000 | O5: =VLOOKUP(A5,Sheet3!A:Q,17,0) -> #N/A | P5: https://www.transfermarkt.com/tom-rosick/profil/spieler/132 | Q5: first scrap players fbref
A6: 201 | B6: Owen Hargreaves | C6: https://fbref.com/en/players/1b2b5b86/Owen-Hargreaves | D6: Not found | E6: 29606 | F6: Not found | G6: 180 | H6: England eng Â Other:Â Canada | I6: MF | J6: Not found | K6: 2000-2001 | L6: 19 years | M6: Bayern Munich | N6: 2000 | O6: =VLOOKUP(A6,Sheet3!A:Q,17,0) -> #N/A | P6: https://www.transfermarkt.com/owen-hargreaves/profil/spieler/201 | Q6: first scrap players fbref
A7: 215 | B7: Roque Santa Cruz | C7: https://fbref.com/en/players/7f2107eb/Roque-Santa-Cruz | D7: Not found | E7: August 16, 1981 (Age:Â 44-101d) | F7: Luque, Paraguay | G7: 191 | H7: Paraguay | I7: FW | J7: Right | K7: 1999-2000 | L7: 17 years | M7: Bayern Munich | N7: 1999 | O7: =VLOOKUP(A7,Sheet3!A:Q,17,0) -> #N/A | P7: https://www.transfermarkt.com/roque-santa-cruz/profil/spieler/215 | Q7: first scrap players fbref
A8: 488 | B8: Gerhard Tremmel | C8: https://fbref.com/en/players/4370cecc/Gerhard-Tremmel | D8: Not found | E8: 28810 | F8: Not found | G8: 190 | H8: Not found | I8: GK | J8: Right | K8: 1999-2000 | L8: 20 years | M8: Unterhaching | N8: 1999 | O8: =VLOOKUP(A8,Sheet3!A:Q,17,0) -> #N/A | P8: https://www.transfermarkt.com/gerhard-tremmel/profil/spieler/488 | Q8: first scrap players fbref
A9: 597 | B9: Alexander Hleb | C9: https://fbref.com/en/players/35cf43aa/Alexander-Hleb | D9: Not found | E9: 29707 | F9: Not found | G9: 185 | H9: Belarus | I9: MF (AM-WM) | J9: Both | K9: 2000-2001 | L9: 19 years | M9: Stuttgart | N9: 2000 | O9: =VLOOKUP(A9,Sheet3!A:Q,17,0) -> #N/A | P9: https://www.transfermarkt.com/alexander-hleb/profil/spieler/597 | Q9: first scrap players fbref
A10: 670 | B10: Martin Petrov | C10: https://fbref.com/en/players/011360ce/Martin-Petrov | D10: Not found | E10: 28870 | F10: Not found | G10: 179 | H10: Bulgaria | I10: FW-MF (WM, left) | J10: Not found | K10: 2001-2002 | L10: 22 years | M10: Wolfsburg | N10: 2001 | O10: =VLOOKUP(A10,Sheet3!A:Q,17,0) -> #N/A | P10: https://www.transfermarkt.com/martin-petrov/profil/spieler/670 | Q10: first scrap players fbref
A11: 690 | B11: Ivan KlasniÄ‡ | C11: https://fbref.com/en/players/214ed478/Ivan-Klasnic | D11: Not found | E11: 29249 | F11: Not found | G11: 186 | H11: Croatia hr Â Other:Â Germany | I11: FW | J11: Not found | K11: 2001-2002 | L11: 21 years | M11: Werder Bremen | N11: 2001 | O11: =VLOOKUP(A11,Sheet3!A:Q,17,0) -> #N/A | P11: https://www.transfermarkt.com/ivan-klasni/profil/spieler/690 | Q11: first scrap players fbref
A12: 1094 | B12: Emanuel Pogatetz | C12: https://fbref.com/en/players/6b08d120/Emanuel-Pogatetz | D12: Not found | E12: 30332 | F12: Not found | G12: 190 | H12: Austria | I12: DF (CB-FB, left) | J12: Left | K12: 2003-2004 | L12: 20 years | M12: Grazer AK | N12: 2003 | O12: =VLOOKUP(A12,Sheet3!A:Q,17,0) -> #N/A | P12: https://www.transfermarkt.com/emanuel-pogatetz/profil/spieler/1094 | Q12: first scrap players fbref
A13: 1320 | B13: Tomasz Kuszczak | C13: https://fbref.com/en/players/a924380b/Tomasz-Kuszczak | D13: Not found | E13: 30030 | F13: Not found | G13: 191 | H13: Poland | I13: GK | J13: Right | K13: 2004-2005 | L13: 22 years | M13: West Brom | N13: 2004 | O13: =VLOOKUP(A13,Sheet3!A:Q,17,0) -> #N/A | P13: https://www.transfermarkt.com/tomasz-kuszczak/profil/spieler/1320 | Q13: first scrap players fbref
A14: 1321 | B14: Jermaine Jones | C14: https://fbref.com/en/players/0c577541/Jermaine-Jones | D14: Not found | E14: 29893 | F14: Not found | G14: 184 | H14: United States us Â Other:Â Germany | I14: MF (AM-DM) | J14: Both | K14: 2000-2001 | L14: 18 years | M14: Eint Frankfurt | N14: 2000 | O14: =VLOOKUP(A14,Sheet3!A:Q,17,0) -> #N/A | P14: https://www.transfermarkt.com/jermaine-jones/profil/spieler/1321 | Q14: first scrap players fbref
A15: 1327 | B15: Alou Diarra | C15: https://fbref.com/en/players/9b74ce00/Alou-Diarra | D15: Not found | E15: 29782 | F15: Not found | G15: 190 | H15: France | I15: MF (DM) | J15: Right | K15: 2002-2003 | L15: 21 years | M15: Le Havre | N15: 2002 | O15: =VLOOKUP(A15,Sheet3!A:Q,17,0) -> #N/A | P15: https://www.transfermarkt.com/alou-diarra/profil/spieler/1327 | Q15: first scrap players fbref
A16: 1368 | B16: Guy Demel | C16: https://fbref.com/en/players/605bba68/Guy-Demel | D16: Not found | E16: 29750 | F16: Not found | G16: 189 | H16: CÃ´te d'Ivoire ci Â Other:Â France | I16: DF-MF (FB, right) | J16: Right | K16: 2002-2003 | L16: 21 years | M16: Dortmund | N16: 2002 | O16: =VLOOKUP(A16,Sheet3!A:Q,17,0) -> #N/A | P16: https://www.transfermarkt.com/guy-demel/profil/spieler/1368 | Q16: first scrap players fbref
A17: 1397 | B17: Michael Owen | C17: https://fbref.com/en/players/88b3f52c/Michael-Owen | D17: Not found | E17: 29203 | F17: Not found | G17: 172 | H17: England eng | I17: FW | J17: Not found | K17: 1996-1997 | L17: 16 years | M17: Liverpool | N17: 1996 | O17: =VLOOKUP(A17,Sheet3!A:Q,17,0) -> #N/A | P17: https://www.transfermarkt.com/michael-owen/profil/spieler/1397 | Q17: first scrap players fbref
A18: 1423 | B18: Lars Jacobsen | C18: https://fbref.com/en/players/bef72e41/Lars-Jacobsen | D18: Not found | E18: 29118 | F18: Not found | G18: 181 | H18: Denmark | I18: DF (CB-FB, right) | J18: Both | K18: 2002-2003 | L18: 22 years | M18: Hamburger SV | N18: 2002 | O18: =VLOOKUP(A18,Sheet3!A:Q,17,0) -> #N/A | P18: https://www.transfermarkt.com/lars-jacobsen/profil/spieler/1423 | Q18: first scrap players fbref
A19: 1443 | B19: Christian Poulsen | C19: https://fbref.com/en/players/4b83b362/Christian-Poulsen | D19: Not found | E19: 29279 | F19: Not found | G19: 182 | H19: Denmark | I19: MF (DM) | J19: Not found | K19: 2002-2003 | L19: 22 years | M19: Schalke 04 | N19: 2002 | O19: =VLOOKUP(A19,Sheet3!A:Q,17,0) -> #N/A | P19: https://www.transfermarkt.com/christian-poulsen/profil/spieler/1443 | Q19: first scrap players fbref
... A22: 2514 | B22: Bastian Schweinsteiger | C22: https://fbref.com/en/players/ccc22fea/Bastian-Schweinsteiger | D22: Not found | E22: 30895 | F22: Not found | G22: 183 | H22: Germany | I22: DF-MF (CB) | J22: Right | K22: 2002-2003 | L22: 17 years | M22: Bayern Munich | N22: 2002 | O22: =VLOOKUP(A22,Sheet3!A:Q,17,0) -> #N/A | P22: https://www.transfermarkt.com/bastian-schweinsteiger/profil/spieler/2514 | Q22: first scrap players fbref
A23: 2857 | B23: Eldin JakupoviÄ‡ | C23: https://fbref.com/en/players/1148323a/Eldin-Jakupovic | D23: Not found | E23: October 2, 1984 (Age:Â 41-054d) | F23: Kozarac, Bosnia and Herzegovina | G23: 191 | H23: Switzerland ch Â Other:Â Bosnia and Herzegovina | I23: GK | J23: Right | K23: 2004-2005 | L23: 19 years | M23: Grasshopper | N23: 2004 | O23: =VLOOKUP(A23,Sheet3!A:Q,17,0) -> #N/A | P23: https://www.transfermarkt.com/eldin-jakupovi/profil/spieler/2857 | Q23: first scrap players fbref
A24: 2874 | B24: Mladen PetriÄ‡ | C24: https://fbref.com/en/players/2cc63c53/Mladen-Petric | D24: Not found | E24: 29587 | F24: Not found | G24: 185 | H24: Croatia hr Â Other:Â Bosnia and Herzegovina | I24: FW | J24: Left | K24: 2003-2004 | L24: 22 years | M24: Grasshopper | N24: 2003 | O24: =VLOOKUP(A24,Sheet3!A:Q,17,0) -> #N/A | P24: https://www.transfermarkt.com/mladen-petri/profil/spieler/2874 | Q24: first scrap players fbref
A25: 2953 | B25: Paul Scharner | C25: https://fbref.com/en/players/d8bcce3d/Paul-Scharner | D25: Not found | E25: 29291 | F25: Not found | G25: 191 | H25: Austria | I25: DF-MF (CB-DM) | J25: Not found | K25: 2003-2004 | L25: 23 years | M25: Austria Wien | N25: 2003 | O25: =VLOOKUP(A25,Sheet3!A:Q,17,0) -> #N/A | P25: https://www.transfermarkt.com/paul-scharner/profil/spieler/2953 | Q25: first scrap players fbref
A26: 2963 | B26: MartÃ­n Demichelis | C26: https://fbref.com/en/players/e9c7102a/Martin-Demichelis | D26: Not found | E26: 29575 | F26: Not found | G26: 184 | H26: Argentina | I26: DF-MF (CB-DM) | J26: Right | K26: 2003-2004 | L26: 22 years | M26: Bayern Munich | N26: 2003 | O26: =VLOOKUP(A26,Sheet3!A:Q,17,0) -> #N/A | P26: https://www.transfermarkt.com/martn-demichelis/profil/spieler/2963 | Q26: first scrap players fbref
A27: 2998 | B27: Robert Huth | C27: https://fbref.com/en/players/0bd1ea64/Robert-Huth | D27: Not found | E27: 30912 | F27: Not found | G27: 191 | H27: Germany | I27: DF (CB) | J27: Right | K27: 2001-2002 | L27: 16 years | M27: Chelsea | N27: 2001 | O27: =VLOOKUP(A27,Sheet3!A:Q,17,0) -> #N/A | P27: https://www.transfermarkt.com/robert-huth/profil/spieler/2998 | Q27: first scrap players fbref
A28: 3091 | B28: Benni McCarthy | C28: https://fbref.com/en/players/a6f401c6/Benni-McCarthy | D28: Not found | E28: 28441 | F28: Not found | G28: 183 | H28: South Africa | I28: FW | J28: Not found | K28: 1999-2000 | L28: 21 years | M28: Celta Vigo | N28: 1999 | O28: =VLOOKUP(A28,Sheet3!A:Q,17,0) -> #N/A | P28: https://www.transfermarkt.com/benni-mccarthy/profil/spieler/3091 | Q28: first scrap players fbref
A29: 3092 | B29: Jason Euell | C29: https://fbref.com/en/players/d97fe8bd/Jason-Euell | D29: Not found | E29: 28162 | F29: Not found | G29: 180 | H29: Jamaica jm Â Other:Â England | I29: FW-MF (CM) | J29: Not found | K29: 1995-1996 | L29: 18 years | M29: Wimbledon | N29: 1995 | O29: =VLOOKUP(A29,Sheet3!A:Q,17,0) -> #N/A | P29: https://www.transfermarkt.com/jason-euell/profil/spieler/3092 | Q29: first scrap players fbref
A30: 3109 | B30: Steven Gerrard | C30: https://fbref.com/en/players/caeb5442/Steven-Gerrard | D30: Not found | E30: 29371 | F30: Not found | G30: 183 | H30: England eng | I30: MF | J30: Right | K30: 1998-1999 | L30: 18 years | M30: Liverpool | N30: 1998 | O30: =VLOOKUP(A30,Sheet3!A:Q,17,0) -> #N/A | P30: https://www.transfermarkt.com/steven-gerrard/profil/spieler/3109 | Q30: first scrap players fbref
A31: 3112 | B31: James Beattie | C31: https://fbref.com/en/players/7c881089/James-Beattie | D31: Not found | E31: 28548 | F31: Not found | G31: 185 | H31: England eng | I31: FW | J31: Not found | K31: 1996-1997 | L31: 18 years | M31: Blackburn | N31: 1996 | O31: =VLOOKUP(A31,Sheet3!A:Q,17,0) -> #N/A | P31: https://www.transfermarkt.com/james-beattie/profil/spieler/3112 | Q31: first scrap players fbref
A32: 3118 | B32: Kieron Dyer | C32: https://fbref.com/en/players/90b5a2f2/Kieron-Dyer | D32: Not found | E32: 28853 | F32: Not found | G32: 173 | H32: England eng | I32: MF (AM-WM) | J32: Not found | K32: 1999-2000 | L32: 20 years | M32: Newcastle Utd | N32: 1999 | O32: =VLOOKUP(A32,Sheet3!A:Q,17,0) -> #N/A | P32: https://www.transfermarkt.com/kieron-dyer/profil/spieler/3118 | Q32: first scrap players fbref
A33: 3130 | B33: Titus Bramble | C33: https://fbref.com/en/players/83ac7c3c/Titus-Bramble | D33: Not found | E33: 29798 | F33: Not found | G33: 185 | H33: England eng | I33: DF (CB) | J33: Not found | K33: 2000-2001 | L33: 19 years | M33: Ipswich Town | N33: 2000 | O33: =VLOOKUP(A33,Sheet3!A:Q,17,0) -> #N/A | P33: https://www.transfermarkt.com/titus-bramble/profil/spieler/3130 | Q33: first scrap players fbref
A34: 3131 | B34: Kevin Phillips | C34: https://fbref.com/en/players/23d97ca1/Kevin-Phillips | D34: Not found | E34: 26870 | F34: Not found | G34: 170 | H34: England eng | I34: FW | J34: Not found | K34: 1999-2000 | L34: 26 years | M34: Sunderland | N34: 1999 | O34: =VLOOKUP(A34,Sheet3!A:Q,17,0) -> #N/A | P34: https://www.transfermarkt.com/kevin-phillips/profil/spieler/3131 | Q34: first scrap players fbref
A35: 3142 | B35: Emile Heskey | C35: https://fbref.com/en/players/30184789/Emile-Heskey | D35: Not found | E35: 28501 | F35: Not found | G35: 192 | H35: England eng | I35: FW | J35: Right | K35: 1994-1995 | L35: 16 years | M35: Leicester City | N35: 1994 | O35: =VLOOKUP(A35,Sheet3!A:Q,17,0) -> #N/A | P35: https://www.transfermarkt.com/emile-heskey/profil/spieler/3142 | Q35: first scrap players fbref
... A72: 3332 | B72: Wayne Rooney | C72: https://fbref.com/en/players/f07be45a/Wayne-Rooney | D72: Not found | E72: 31344 | F72: Not found | G72: 176 | H72: England eng | I72: FW-MF (AM) | J72: Right | K72: 2002-2003 | L72: 16 years | M72: Everton | N72: 2002 | O72: =VLOOKUP(A72,Sheet3!A:Q,17,0) -> #N/A | P72: https://www.transfermarkt.com/wayne-rooney/profil/spieler/3332 | Q72: first scrap players fbref
A73: 3333 | B73: James Milner | C73: https://fbref.com/en/players/2f90f6b8/James-Milner | D73: Not found | E73: January 4, 1986 (Age:Â 39-325d) | F73: Leeds, England, United Kingdom | G73: 176 | H73: England eng | I73: DF-MF (CM-FB-WM) | J73: Right | K73: 2002-2003 | L73: 16 years | M73: Leeds United | N73: 2002 | O73: =VLOOKUP(A73,Sheet3!A:Q,17,0) -> #N/A | P73: https://www.transfermarkt.com/james-milner/profil/spieler/3333 | Q73: first scrap players fbref
A74: 3356 | B74: Sylvain Distin | C74: https://fbref.com/en/players/002d06bb/Sylvain-Distin | D74: Not found | E74: 28475 | F74: Not found | G74: 192 | H74: Not found | I74: DF (CB) | J74: Left | K74: 2000-2001 | L74: 22 years | M74: Paris S-G | N74: 2000 | O74: =VLOOKUP(A74,Sheet3!A:Q,17,0) -> #N/A | P74: https://www.transfermarkt.com/sylvain-distin/profil/spieler/3356 | Q74: first scrap players fbref
A75: 3357 | B75: Mark Schwarzer | C75: https://fbref.com/en/players/da409c6f/Mark-Schwarzer | D75: Not found | E75: 26578 | F75: Not found | G75: 194 | H75: Australia | I75: GK | J75: Right | K75: 1994-1995 | L75: 21 years | M75: Dresden | N75: 1994 | O75: =VLOOKUP(A75,Sheet3!A:Q,17,0) -> #N/A | P75: https://www.transfermarkt.com/mark-schwarzer/profil/spieler/3357 | Q75: first scrap players fbref
A76: 3360 | B76: Ledley King | C76: https://fbref.com/en/players/83ca192d/Ledley-King | D76: Not found | E76: 29506 | F76: Not found | G76: 188 | H76: England eng | I76: DF-MF (CB-DM) | J76: Not found | K76: 1998-1999 | L76: 17 years | M76: Tottenham | N76: 1998 | O76: =VLOOKUP(A76,Sheet3!A:Q,17,0) -> #N/A | P76: https://www.transfermarkt.com/ledley-king/profil/spieler/3360 | Q76: first scrap players fbref
A77: 3397 | B77: Paul Scholes | C77: https://fbref.com/en/players/24a3a72c/Paul-Scholes | D77: Not found | E77: 27349 | F77: Not found | G77: 171 | H77: England eng | I77: MF (CM) | J77: Not found | K77: 1994-1995 | L77: 19 years | M77: Manchester Utd | N77: 1994 | O77: =VLOOKUP(A77,Sheet3!A:Q,17,0) -> #N/A | P77: https://www.transfermarkt.com/paul-scholes/profil/spieler/3397 | Q77: first scrap players fbref
A78: 3403 | B78: Gary Neville | C78: https://fbref.com/en/players/1b013e33/Gary-Neville | D78: Not found | E78: 27443 | F78: Not found | G78: 180 | H78: England eng | I78: DF (FB, right) | J78: Not found | K78: 1993-1994 | L78: 18 years | M78: Manchester Utd | N78: 1993 | O78: =VLOOKUP(A78,Sheet3!A:Q,17,0) -> #N/A | P78: https://www.transfermarkt.com/gary-neville/profil/spieler/3403 | Q78: first scrap players fbref
A79: 3404 | B79: Phil Neville | C79: https://fbref.com/en/players/3db5e0ec/Phil-Neville | D79: Not found | E79: 28146 | F79: Not found | G79: 180 | H79: England eng | I79: DF-MF | J79: Right | K79: 1994-1995 | L79: 17 years | M79: Manchester Utd | N79: 1994 | O79: =VLOOKUP(A79,Sheet3!A:Q,17,0) -> #N/A | P79: https://www.transfermarkt.com/phil-neville/profil/spieler/3404 | Q79: first scrap players fbref
A80: 3405 | B80: Wes Brown | C80: https://fbref.com/en/players/659ccc97/Wes-Brown | D80: Not found | E80: 29141 | F80: Not found | G80: 185 | H80: England eng | I80: DF (CB) | J80: Right | K80: 1997-1998 | L80: 17 years | M80: Manchester Utd | N80: 1997 | O80: =VLOOKUP(A80,Sheet3!A:Q,17,0) -> #N/A | P80: https://www.transfermarkt.com/wes-brown/profil/spieler/3405 | Q80: first scrap players fbref
A81: 3406 | B81: Ryan Giggs | C81: https://fbref.com/en/players/561de8d0/Ryan-Giggs | D81: Not found | E81: 26997 | F81: Not found | G81: 180 | H81: Wales wls Â Other:Â England | I81: FW-MF (WM) | J81: Not found | K81: 1992-1993 | L81: 18 years | M81: Manchester Utd | N81: 1992 | O81: =VLOOKUP(A81,Sheet3!A:Q,17,0) -> #N/A | P81: https://www.transfermarkt.com/ryan-giggs/profil/spieler/3406 | Q81: first scrap players fbref
A82: 3422 | B82: LuÃ­s Boa Morte | C82: https://fbref.com/en/players/59ab6332/Luis-Boa-Morte | D82: Not found | E82: 28341 | F82: Not found | G82: 178 | H82: Portugal | I82: FW-MF (AM-WM) | J82: Not found | K82: 1997-1998 | L82: 19 years | M82: Arsenal | N82: 1997 | O82: =VLOOKUP(A82,Sheet3!A:Q,17,0) -> #N/A | P82: https://www.transfermarkt.com/lus-boa-morte/profil/spieler/3422 | Q82: first scrap players fbref
A83: 3461 | B83: Jermaine Jenas | C83: https://fbref.com/en/players/3149f712/Jermaine-Jenas | D83: Not found | E83: 30365 | F83: Not found | G83: 181 | H83: England eng | I83: MF | J83: Not found | K83: 2001-2002 | L83: 18 years | M83: Nott'ham Forest | N83: 2001 | O83: =VLOOKUP(A83,Sheet3!A:Q,17,0) -> #N/A | P83: https://www.transfermarkt.com/jermaine-jenas/profil/spieler/3461 | Q83: first scrap players fbref
A84: 3462 | B84: Steven Caldwell | C84: https://fbref.com/en/players/6839f68e/Steven-Caldwell | D84: Not found | E84: 29476 | F84: Not found | G84: 180 | H84: Scotland sct | I84: DF (CB-FB) | J84: Right | K84: 2000-2001 | L84: 19 years | M84: Newcastle Utd | N84: 2000 | O84: =VLOOKUP(A84,Sheet3!A:Q,17,0) -> #N/A | P84: https://www.transfermarkt.com/steven-caldwell/profil/spieler/3462 | Q84: first scrap players fbref
A85: 3467 | B85: Shaun Wright-Phillips | C85: https://fbref.com/en/players/e1e0b05f/Shaun-Wright-Phillips | D85: Not found | E85: 29884 | F85: Not found | G85: 166 | H85: England eng | I85: FW-MF (AM-WM, right) | J85: Right | K85: 2000-2001 | L85: 18 years | M85: Manchester City | N85: 2000 | O85: =VLOOKUP(A85,Sheet3!A:Q,17,0) -> #N/A | P85: https://www.transfermarkt.com/shaun-wright-phillips/profil/spieler/3467 | Q85: first scrap players fbref
A86: 3473 | B86: Thomas SÃ¸rensen | C86: https://fbref.com/en/players/31d82fec/Thomas-Sorensen | D86: Not found | E86: 27923 | F86: Not found | G86: 193 | H86: Denmark | I86: GK | J86: Right | K86: 1999-2000 | L86: 23 years | M86: Sunderland | N86: 1999 | O86: =VLOOKUP(A86,Sheet3!A:Q,17,0) -> #N/A | P86: https://www.transfermarkt.com/thomas-srensen/profil/spieler/3473 | Q86: first scrap players fbref
A87: 3476 | B87: Brad Friedel | C87: https://fbref.com/en/players/b8c0a975/Brad-Friedel | D87: Not found | E87: 26071 | F87: Not found | G87: 188 | H87: United States | I87: GK | J87: Right | K87: 1996 | L87: 24 years | M87: Columbus Crew | N87: Not found | O87: =VLOOKUP(A87,Sheet3!A:Q,17,0) -> #N/A | P87: https://www.transfermarkt.com/brad-friedel/profil/spieler/3476 | Q87: first scrap players fbref
A88: 3490 | B88: Robbie Blake | C88: https://fbref.com/en/players/ddc0a1fd/Robbie-Blake | D88: Not found | E88: 27823 | F88: Not found | G88: 175 | H88: Not found | I88: FW-MF (AM) | J88: Not found | K88: 1999-2000 | L88: 23 years | M88: Bradford City | N88: 1999 | O88: =VLOOKUP(A88,Sheet3!A:Q,17,0) -> #N/A | P88: https://www.transfermarkt.com/robbie-blake/profil/spieler/3490 | Q88: first scrap players fbref
A89: 3516 | B89: Edwin van der Sar | C89: https://fbref.com/en/players/98ee8a67/Edwin-van-der-Sar | D89: Not found | E89: 25870 | F89: Not found | G89: 197 | H89: Netherlands | I89: GK | J89: Right | K89: 1999-2000 | L89: 28 years | M89: Juventus | N89: 1999 | O89: =VLOOKUP(A89,Sheet3!A:Q,17,0) -> #N/A | P89: https://www.transfermarkt.com/edwin-van-der-sar/profil/spieler/3516 | Q89: first scrap players fbref
A90: 3540 | B90: John O'Shea | C90: https://fbref.com/en/players/7c1f4685/John-OShea | D90: Not found | E90: 29706 | F90: Not found | G90: 192 | H90: Republic of Ireland | I90: DF-MF (CB) | J90: Right | K90: 2001-2002 | L90: 20 years | M90: Manchester Utd | N90: 2001 | O90: =VLOOKUP(A90,Sheet3!A:Q,17,0) -> #N/A | P90: https://www.transfermarkt.com/john-oshea/profil/spieler/3540 | Q90: first scrap players fbref
A91: 3546 | B91: Danny Pugh | C91: https://fbref.com/en/players/7f60e79c/Danny-Pugh | D91: Not found | E91: 30243 | F91: Not found | G91: 183 | H91: Not found | I91: DF-MF (CM-FB, left) | J91: Right | K91: 2002-2003 | L91: 19 years | M91: Manchester Utd | N91: 2002 | O91: =VLOOKUP(A91,Sheet3!A:Q,17,0) -> #N/A | P91: https://www.transfermarkt.com/danny-pugh/profil/spieler/3546 | Q91: first scrap players fbref
A92: 3547 | B92: Darren Fletcher | C92: https://fbref.com/en/players/184e4970/Darren-Fletcher | D92: Not found | E92: 30713 | F92: Not found | G92: 184 | H92: Scotland sct | I92: MF (DM) | J92: Right | K92: 2003-2004 | L92: 19 years | M92: Manchester Utd | N92: 2003 | O92: =VLOOKUP(A92,Sheet3!A:Q,17,0) -> #N/A | P92: https://www.transfermarkt.com/darren-fletcher/profil/spieler/3547 | Q92: first scrap players fbref
A93: 3548 | B93: Kieran Richardson | C93: https://fbref.com/en/players/d2bf40b4/Kieran-Richardson | D93: Not found | E93: 30976 | F93: Not found | G93: 175 | H93: England eng | I93: DF-MF (WM, left) | J93: Left | K93: 2002-2003 | L93: 17 years | M93: Manchester Utd | N93: 2002 | O93: =VLOOKUP(A93,Sheet3!A:Q,17,0) -> #N/A | P93: https://www.transfermarkt.com/kieran-richardson/profil/spieler/3548 | Q93: first scrap players fbref
A94: 3560 | B94: Jerome Thomas | C94: https://fbref.com/en/players/94cf0dab/Jerome-Thomas | D94: Not found | E94: 30398 | F94: Not found | G94: 178 | H94: England eng | I94: FW-MF (WM, left) | J94: Left | K94: 2002-2003 | L94: 19 years | M94: QPR | N94: 2002 | O94: =VLOOKUP(A94,Sheet3!A:Q,17,0) -> #N/A | P94: https://www.transfermarkt.com/jerome-thomas/profil/spieler/3560 | Q94: first scrap players fbref
A95: 3562 | B95: Steve Harper | C95: https://fbref.com/en/players/a98f1d52/Steve-Harper | D95: Not found | E95: 27467 | F95: Not found | G95: 188 | H95: Not found | I95: GK | J95: Right | K95: 1998-1999 | L95: 23 years | M95: Newcastle Utd | N95: 1998 | O95: =VLOOKUP(A95,Sheet3!A:Q,17,0) -> #N/A | P95: https://www.transfermarkt.com/steve-harper/profil/spieler/3562 | Q95: first scrap players fbref
A96: 3569 | B96: Steed Malbranque | C96: https://fbref.com/en/players/e3df61bc/Steed-Malbranque | D96: Not found | E96: 29226 | F96: Not found | G96: 168 | H96: France fr Â Other:Â Belgium | I96: MF (AM-CM-WM) | J96: Right | K96: 1997-1998 | L96: 17 years | M96: Lyon | N96: 1997 | O96: =VLOOKUP(A96,Sheet3!A:Q,17,0) -> #N/A | P96: https://www.transfermarkt.com/steed-malbranque/profil/spieler/3569 | Q96: first scrap players fbref
A97: 3570 | B97: John Carew | C97: https://fbref.com/en/players/91ef929d/John-Carew | D97: Not found | E97: 29103 | F97: Not found | G97: 193 | H97: Norway | I97: FW | J97: Not found | K97: 2000 | L97: 20 years | M97: Rosenborg | N97: Not found | O97: =VLOOKUP(A97,Sheet3!A:Q,17,0) -> #N/A | P97: https://www.transfermarkt.com/john-carew/profil/spieler/3570 | Q97: first scrap players fbref
A98: 3580 | B98: Aaron Hughes | C98: https://fbref.com/en/players/dccccccc/Aaron-Hughes | D98: Not found | E98: 29167 | F98: Not found | G98: 183 | H98: Northern Ireland nir | I98: DF (CB) | J98: Right | K98: 1997-1998 | L98: 17 years | M98: Newcastle Utd | N98: 1997 | O98: =VLOOKUP(A98,Sheet3!A:Q,17,0) -> #N/A | P98: https://www.transfermarkt.com/aaron-hughes/profil/spieler/3580 | Q98: first scrap players fbref
A99: 3597 | B99: Jamie Carragher | C99: https://fbref.com/en/players/d0ebce19/Jamie-Carragher | D99: Not found | E99: 28518 | F99: Not found | G99: 185 | H99: England eng | I99: DF-MF (CB-DM-FB, right) | J99: Not found | K99: 1996-1997 | L99: 18 years | M99: Liverpool | N99: 1996 | O99: =VLOOKUP(A99,Sheet3!A:Q,17,0) -> #N/A | P99: https://www.transfermarkt.com/jamie-carragher/profil/spieler/3597 | Q99: first scrap players fbref
A100: 3600 | B100: Salif Diao | C100: https://fbref.com/en/players/acc326da/Salif-Diao | D100: Not found | E100: 28166 | F100: Not found | G100: 186 | H100: Senegal | I100: MF (DM) | J100: Not found | K100: 1996-1997 | L100: 19 years | M100: Monaco | N100: 1996 | O100: =VLOOKUP(A100,Sheet3!A:Q,17,0) -> #N/A | P100: https://www.transfermarkt.com/salif-diao/profil/spieler/3600 | Q100: first scrap players fbref
A101: 3614 | B101: Tony Hibbert | C101: https://fbref.com/en/players/c878c4bf/Tony-Hibbert | D101: Not found | E101: 29637 | F101: Not found | G101: 172 | H101: Not found | I101: DF (FB, right) | J101: Right | K101: 2000-2001 | L101: 19 years | M101: Everton | N101: 2000 | O101: =VLOOKUP(A101,Sheet3!A:Q,17,0) -> #N/A | P101: https://www.transfermarkt.com/tony-hibbert/profil/spieler/3614 | Q101: first scrap players fbref
A102: 3620 | B102: Leon Osman | C102: https://fbref.com/en/players/a014c247/Leon-Osman | D102: Not found | E102: 29723 | F102: Not found | G102: 174 | H102: England eng | I102: MF | J102: Right | K102: 2002-2003 | L102: 21 years | M102: Carlisle United | N102: 2002 | O102: =VLOOKUP(A102,Sheet3!A:Q,17,0) -> #N/A | P102: https://www.transfermarkt.com/leon-osman/profil/spieler/3620 | Q102: first scrap players fbref
A103: 3630 | B103: Paul Robinson | C103: https://fbref.com/en/players/3515ba56/Paul-Robinson | D103: Not found | E103: 29143 | F103: Not found | G103: 193 | H103: England eng | I103: GK | J103: Right | K103: 1998-1999 | L103: 18 years | M103: Leeds United | N103: 1998 | O103: =VLOOKUP(A103,Sheet3!A:Q,17,0) -> debe tenenr un solo urkl | P103: https://www.transfermarkt.com/paul-robinson/profil/spieler/3630 | Q103: players corrected fbref
A104: 3634 | B104: Ian Harte | C104: https://fbref.com/en/players/fd4fa092/Ian-Harte | D104: Not found | E104: 28368 | F104: Not found | G104: 175 | H104: Republic of Ireland | I104: DF (FB, left) | J104: Left | K104: 1995-1996 | L104: 17 years | M104: Leeds United | N104: 1995 | O104: =VLOOKUP(A104,Sheet3!A:Q,17,0) -> #N/A | P104: https://www.transfermarkt.com/ian-harte/profil/spieler/3634 | Q104: first scrap players fbref
A105: 3640 | B105: Mark Hudson | C105: https://fbref.com/en/players/e4e3de44/Mark-Hudson | D105: Not found | E105: 30040 | F105: Not found | G105: 185 | H105: Not found | I105: DF (CB) | J105: Right | K105: 2003-2004 | L105: 21 years | M105: Oldham Athletic | N105: 2003 | O105: =VLOOKUP(A105,Sheet3!A:Q,17,0) -> #N/A | P105: https://www.transfermarkt.com/mark-hudson/profil/spieler/3640 | Q105: first scrap players fbref
A106: 3666 | B106: Jason Roberts | C106: https://fbref.com/en/players/62487637/Jason-Roberts | D106: Not found | E106: 28515 | F106: Not found | G106: 185 | H106: Grenada gd Â Other:Â England | I106: FW | J106: Not found | K106: 2001-2002 | L106: 23 years | M106: West Brom | N106: 2001 | O106: =VLOOKUP(A106,Sheet3!A:Q,17,0) -> #N/A | P106: https://www.transfermarkt.com/jason-roberts/profil/spieler/3666 | Q106: first scrap players fbref
A107: 3682 | B107: Wayne Bridge | C107: https://fbref.com/en/players/86b982bc/Wayne-Bridge | D107: Not found | E107: 29438 | F107: Not found | G107: 178 | H107: England eng | I107: DF (FB, left) | J107: Not found | K107: 1998-1999 | L107: 17 years | M107: Southampton | N107: 1998 | O107: =VLOOKUP(A107,Sheet3!A:Q,17,0) -> #N/A | P107: https://www.transfermarkt.com/wayne-bridge/profil/spieler/3682 | Q107: first scrap players fbref
A108: 3686 | B108: Danny Higginbotham | C108: https://fbref.com/en/players/688135a1/Danny-Higginbotham | D108: Not found | E108: 28853 | F108: Not found | G108: 185 | H108: Gibraltar | I108: DF (CB-FB, left) | J108: Not found | K108: 1997-1998 | L108: 18 years | M108: Manchester Utd | N108: 1997 | O108: =VLOOKUP(A108,Sheet3!A:Q,17,0) -> #N/A | P108: https://www.transfermarkt.com/danny-higginbotham/profil/spieler/3686 | Q108: first scrap players fbref
A109: 3692 | B109: Jussi JÃ¤Ã¤skelÃ¤inen | C109: https://fbref.com/en/players/340d2a24/Jussi-Jaaskelainen | D109: Not found | E109: 27503 | F109: Not found | G109: 191 | H109: Finland | I109: GK | J109: Right | K109: 2001-2002 | L109: 26 years | M109: Bolton | N109: 2001 | O109: =VLOOKUP(A109,Sheet3!A:Q,17,0) -> #N/A | P109: https://www.transfermarkt.com/jussi-jskelinen/profil/spieler/3692 | Q109: first scrap players fbref
A110: 3698 | B110: Anton Ferdinand | C110: https://fbref.com/en/players/d1891093/Anton-Ferdinand | D110: Not found | E110: 31096 | F110: Not found | G110: 186 | H110: England eng | I110: DF (CB) | J110: Right | K110: 2003-2004 | L110: 18 years | M110: West Ham | N110: 2003 | O110: =VLOOKUP(A110,Sheet3!A:Q,17,0) -> #N/A | P110: https://www.transfermarkt.com/anton-ferdinand/profil/spieler/3698 | Q110: first scrap players fbref
A111: 3730 | B111: Kim KÃ¤llstrÃ¶m | C111: https://fbref.com/en/players/c9880157/Kim-Kallstrom | D111: Not found | E111: 30187 | F111: Not found | G111: 185 | H111: Sweden | I111: MF (DM) | J111: Left | K111: 2001 | L111: 18 years | M111: HÃ¤cken | N111: Not found | O111: =VLOOKUP(A111,Sheet3!A:Q,17,0) -> #N/A | P111: https://www.transfermarkt.com/kim-kllstrm/profil/spieler/3730 | Q111: first scrap players fbref
A112: 3762 | B112: Peter Whittingham | C112: https://fbref.com/en/players/f2286f20/Peter-Whittingham | D112: Not found | E112: 30933 | F112: Not found | G112: 178 | H112: England eng | I112: MF (WM) | J112: Left | K112: 2002-2003 | L112: 17 years | M112: Aston Villa | N112: 2002 | O112: =VLOOKUP(A112,Sheet3!A:Q,17,0) -> #N/A | P112: https://www.transfermarkt.com/peter-whittingham/profil/spieler/3762 | Q112: first scrap players fbref
A113: 3775 | B113: George McCartney | C113: https://fbref.com/en/players/f6c4946d/George-McCartney | D113: Not found | E113: 29705 | F113: Not found | G113: 183 | H113: Northern Ireland nir | I113: DF | J113: Left | K113: 2000-2001 | L113: 19 years | M113: Sunderland | N113: 2000 | O113: =VLOOKUP(A113,Sheet3!A:Q,17,0) -> #N/A | P113: https://www.transfermarkt.com/george-mccartney/profil/spieler/3775 | Q113: first scrap players fbref
A114: 3785 | B114: Scott Parker | C114: https://fbref.com/en/players/65faf2a1/Scott-Parker | D114: Not found | E114: 29507 | F114: Not found | G114: 175 | H114: England eng | I114: MF (DM) | J114: Right | K114: 1998-1999 | L114: 17 years | M114: Charlton Ath | N114: 1998 | O114: =VLOOKUP(A114,Sheet3!A:Q,17,0) -> #N/A | P114: https://www.transfermarkt.com/scott-parker/profil/spieler/3785 | Q114: first scrap players fbref
A115: 3788 | B115: Matthew Etherington | C115: https://fbref.com/en/players/ef616df9/Matthew-Etherington | D115: Not found | E115: 29812 | F115: Not found | G115: 178 | H115: England eng | I115: MF (WM, left) | J115: Not found | K115: 1999-2000 | L115: 17 years | M115: Tottenham | N115: 1999 | O115: =VLOOKUP(A115,Sheet3!A:Q,17,0) -> #N/A | P115: https://www.transfermarkt.com/matthew-etherington/profil/spieler/3788 | Q115: first scrap players fbref
A116: 3791 | B116: Gary Caldwell | C116: https://fbref.com/en/players/5dc37f4a/Gary-Caldwell | D116: Not found | E116: 30053 | F116: Not found | G116: 180 | H116: Scotland sct | I116: DF-MF | J116: Right | K116: 2001-2002 | L116: 19 years | M116: Hibernian | N116: 2001 | O116: =VLOOKUP(A116,Sheet3!A:Q,17,0) -> #N/A | P116: https://www.transfermarkt.com/gary-caldwell/profil/spieler/3791 | Q116: first scrap players fbref
A117: 3807 | B117: Richard Dunne | C117: https://fbref.com/en/players/6cbc015d/Richard-Dunne | D117: Not found | E117: 29119 | F117: Not found | G117: 188 | H117: Republic of Ireland | I117: DF (CB) | J117: Right | K117: 1996-1997 | L117: 16 years | M117: Everton | N117: 1996 | O117: =VLOOKUP(A117,Sheet3!A:Q,17,0) -> #N/A | P117: https://www.transfermarkt.com/richard-dunne/profil/spieler/3807 | Q117: first scrap players fbref
A118: 3838 | B118: Boaz Myhill | C118: https://fbref.com/en/players/7ca2d989/Boaz-Myhill | D118: Not found | E118: 30264 | F118: Not found | G118: 191 | H118: Wales wls Â Other:Â England , United States | I118: GK | J118: Right | K118: 2002-2003 | L118: 19 years | M118: Bradford City | N118: 2002 | O118: =VLOOKUP(A118,Sheet3!A:Q,17,0) -> #N/A | P118: https://www.transfermarkt.com/boaz-myhill/profil/spieler/3838 | Q118: first scrap players fbref
A119: 3865 | B119: Jonathan Greening | C119: https://fbref.com/en/players/892c1d7a/Jonathan-Greening | D119: Not found | E119: 28857 | F119: Not found | G119: 180 | H119: England eng | I119: MF | J119: Not found | K119: 1998-1999 | L119: 19 years | M119: Manchester Utd | N119: 1998 | O119: =VLOOKUP(A119,Sheet3!A:Q,17,0) -> #N/A | P119: https://www.transfermarkt.com/jonathan-greening/profil/spieler/3865 | Q119: first scrap players fbref
A120: 3866 | B120: Stuart Parnaby | C120: https://fbref.com/en/players/389cc3d7/Stuart-Parnaby | D120: Not found | E120: 30151 | F120: Not found | G120: 178 | H120: England eng | I120: DF (FB, right) | J120: Not found | K120: 2002-2003 | L120: 20 years | M120: Middlesbrough | N120: 2002 | O120: =VLOOKUP(A120,Sheet3!A:Q,17,0) -> #N/A | P120: https://www.transfermarkt.com/stuart-parnaby/profil/spieler/3866 | Q120: first scrap players fbref
A121: 3868 | B121: David Murphy | C121: https://fbref.com/en/players/b05e73d5/David-Murphy | D121: Not found | E121: 30742 | F121: Not found | G121: 185 | H121: England eng | I121: DF (FB, left) | J121: Not found | K121: 2001-2002 | L121: 17 years | M121: Middlesbrough | N121: 2001 | O121: =VLOOKUP(A121,Sheet3!A:Q,17,0) -> #N/A | P121: https://www.transfermarkt.com/david-murphy/profil/spieler/3868 | Q121: first scrap players fbref
A122: 3875 | B122: Jermain Defoe | C122: https://fbref.com/en/players/f1e8372d/Jermain-Defoe | D122: Not found | E122: 30231 | F122: Not found | G122: 170 | H122: England eng | I122: FW | J122: Right | K122: 2000-2001 | L122: 17 years | M122: West Ham | N122: 2000 | O122: =VLOOKUP(A122,Sheet3!A:Q,17,0) -> #N/A | P122: https://www.transfermarkt.com/jermain-defoe/profil/spieler/3875 | Q122: first scrap players fbref
A123: 3876 | B123: Joe Cole | C123: https://fbref.com/en/players/2c2f117b/Joe-Cole | D123: Not found | E123: 29898 | F123: Not found | G123: 175 | H123: England eng | I123: MF (AM-WM) | J123: Right | K123: 1998-1999 | L123: 16 years | M123: West Ham | N123: 1998 | O123: =VLOOKUP(A123,Sheet3!A:Q,17,0) -> #N/A | P123: https://www.transfermarkt.com/joe-cole/profil/spieler/3876 | Q123: first scrap players fbref
... A151: 4129 | B151: Jody Craddock | C151: https://fbref.com/en/players/573e5dd2/Jody-Craddock | D151: Not found | E151: 27600 | F151: Not found | G151: 183 | H151: Not found | I151: DF-MF (CB) | J151: Not found | K151: 1999-2000 | L151: 24 years | M151: Sunderland | N151: 1999 | O151: =VLOOKUP(A151,Sheet3!A:Q,17,0) -> #N/A | P151: https://www.transfermarkt.com/jody-craddock/profil/spieler/4129 | Q151: first scrap players fbref
A152: 4140 | B152: Marcus Hahnemann | C152: https://fbref.com/en/players/c6be3102/Marcus-Hahnemann | D152: Not found | E152: 26465 | F152: Not found | G152: 191 | H152: United States | I152: GK | J152: Not found | K152: 1997 | L152: 24 years | M152: Colorado Rapids | N152: Not found | O152: =VLOOKUP(A152,Sheet3!A:Q,17,0) -> #N/A | P152: https://www.transfermarkt.com/marcus-hahnemann/profil/spieler/4140 | Q152: first scrap players fbref
A153: 4192 | B153: Rafael van der Vaart | C153: https://fbref.com/en/players/41473b67/Rafael-van-der-Vaart | D153: Not found | E153: 30358 | F153: Not found | G153: 176 | H153: Netherlands | I153: MF (AM) | J153: Left | K153: 2000-2001 | L153: 17 years | M153: Ajax | N153: 2000 | O153: =VLOOKUP(A153,Sheet3!A:Q,17,0) -> #N/A | P153: https://www.transfermarkt.com/rafael-van-der-vaart/profil/spieler/4192 | Q153: first scrap players fbref
A154: 4205 | B154: Bobby Zamora | C154: https://fbref.com/en/players/7ddb3563/Bobby-Zamora | D154: Not found | E154: 29602 | F154: Not found | G154: 185 | H154: England eng | I154: FW | J154: Both | K154: 2002-2003 | L154: 21 years | M154: Brighton | N154: 2002 | O154: =VLOOKUP(A154,Sheet3!A:Q,17,0) -> #N/A | P154: https://www.transfermarkt.com/bobby-zamora/profil/spieler/4205 | Q154: first scrap players fbref
A155: 4219 | B155: David Fox | C155: https://fbref.com/en/players/102a7473/David-Fox | D155: Not found | E155: 30663 | F155: Not found | G155: 180 | H155: England eng | I155: MF | J155: Right | K155: 2004-2005 | L155: 20 years | M155: Shrewsbury | N155: 2004 | O155: =VLOOKUP(A155,Sheet3!A:Q,17,0) -> #N/A | P155: https://www.transfermarkt.com/david-fox/profil/spieler/4219 | Q155: first scrap players fbref
A156: 4233 | B156: Adam Federici | C156: https://fbref.com/en/players/e5ea8be7/Adam-Federici | D156: Not found | E156: 31078 | F156: Not found | G156: 188 | H156: Australia | I156: GK | J156: Right | K156: 2006-2007 | L156: 21 years | M156: Reading | N156: 2006 | O156: =VLOOKUP(A156,Sheet3!A:Q,17,0) -> #N/A | P156: https://www.transfermarkt.com/adam-federici/profil/spieler/4233 | Q156: first scrap players fbref
A157: 4241 | B157: Joleon Lescott | C157: https://fbref.com/en/players/62393d3b/Joleon-Lescott | D157: Not found | E157: 30179 | F157: Not found | G157: 188 | H157: England eng | I157: DF (CB) | J157: Left | K157: 2001-2002 | L157: 18 years | M157: Wolves | N157: 2001 | O157: =VLOOKUP(A157,Sheet3!A:Q,17,0) -> #N/A | P157: https://www.transfermarkt.com/joleon-lescott/profil/spieler/4241 | Q157: first scrap players fbref
A158: 4243 | B158: David Dunn | C158: https://fbref.com/en/players/7ecdf483/David-Dunn | D158: Not found | E158: 29216 | F158: Not found | G158: 178 | H158: England eng | I158: MF | J158: Left | K158: 1998-1999 | L158: 18 years | M158: Blackburn | N158: 1998 | O158: =VLOOKUP(A158,Sheet3!A:Q,17,0) -> #N/A | P158: https://www.transfermarkt.com/david-dunn/profil/spieler/4243 | Q158: first scrap players fbref
A159: 4257 | B159: Samuel Eto'o | C159: https://fbref.com/en/players/06420c93/Samuel-Etoo | D159: Not found | E159: 29655 | F159: Not found | G159: 179 | H159: Cameroon | I159: FW | J159: Right | K159: 1998-1999 | L159: 17 years | M159: Espanyol | N159: 1998 | O159: =VLOOKUP(A159,Sheet3!A:Q,17,0) -> #N/A | P159: https://www.transfermarkt.com/samuel-etoo/profil/spieler/4257 | Q159: first scrap players fbref
A160: 4267 | B160: Tim Howard | C160: https://fbref.com/en/players/c444465e/Tim-Howard | D160: Not found | E160: 28920 | F160: Not found | G160: 191 | H160: United States | I160: GK | J160: Right | K160: 1998 | L160: 18 years | M160: MetroStars | N160: Not found | O160: =VLOOKUP(A160,Sheet3!A:Q,17,0) -> #N/A | P160: https://www.transfermarkt.com/tim-howard/profil/spieler/4267 | Q160: first scrap players fbref
A161: 4276 | B161: Carlos Tevez | C161: https://fbref.com/en/players/c1a26d43/Carlos-Tevez | D161: Not found | E161: 30717 | F161: Not found | G161: 173 | H161: Argentina | I161: FW-MF | J161: Both | K161: 2006-2007 | L161: 22 years | M161: West Ham | N161: 2006 | O161: =VLOOKUP(A161,Sheet3!A:Q,17,0) -> #N/A | P161: https://www.transfermarkt.com/carlos-tevez/profil/spieler/4276 | Q161: first scrap players fbref
A162: 4277 | B162: Philippe Senderos | C162: https://fbref.com/en/players/b1d82fc2/Philippe-Senderos | D162: Not found | E162: 31092 | F162: Not found | G162: 189 | H162: Switzerland | I162: DF (CB) | J162: Right | K162: 2004-2005 | L162: 19 years | M162: Arsenal | N162: 2004 | O162: =VLOOKUP(A162,Sheet3!A:Q,17,0) -> #N/A | P162: https://www.transfermarkt.com/philippe-senderos/profil/spieler/4277 | Q162: first scrap players fbref
A163: 4311 | B163: Maarten Stekelenburg | C163: https://fbref.com/en/players/fefce889/Maarten-Stekelenburg | D163: Not found | E163: 30216 | F163: Not found | G163: 197 | H163: Netherlands | I163: GK | J163: Right | K163: 2002-2003 | L163: 19 years | M163: Ajax | N163: 2002 | O163: =VLOOKUP(A163,Sheet3!A:Q,17,0) -> #N/A | P163: https://www.transfermarkt.com/maarten-stekelenburg/profil/spieler/4311 | Q163: first scrap players fbref
A164: 4315 | B164: John Heitinga | C164: https://fbref.com/en/players/2661360d/John-Heitinga | D164: Not found | E164: 30635 | F164: Not found | G164: 180 | H164: Netherlands | I164: DF-MF (CB) | J164: Right | K164: 2001-2002 | L164: 17 years | M164: Ajax | N164: 2001 | O164: =VLOOKUP(A164,Sheet3!A:Q,17,0) -> #N/A | P164: https://www.transfermarkt.com/john-heitinga/profil/spieler/4315 | Q164: first scrap players fbref
A165: 4321 | B165: Steven Pienaar | C165: https://fbref.com/en/players/8056f6e6/Steven-Pienaar | D165: Not found | E165: 30027 | F165: Not found | G165: 170 | H165: South Africa | I165: MF (AM-WM) | J165: Both | K165: 2001-2002 | L165: 19 years | M165: Ajax | N165: 2001 | O165: =VLOOKUP(A165,Sheet3!A:Q,17,0) -> #N/A | P165: https://www.transfermarkt.com/steven-pienaar/profil/spieler/4321 | Q165: first scrap players fbref
...

Sheet Sheet3
A1: transfermarkt_id | B1: player_name | C1: player_url | D1: status | E1: name_home_country | F1: dob_age | G1: place_birth | H1: height | I1: citizenship | J1: position | K1: foot | L1: debut_season | M1: debut_age | N1: first_club | O1: debut_year | P1: transfermarkt_url | Q1: check | R1: explanation
A2: 112515 | B2: Marcos Alonso | C2: https://fbref.com/en/players/f4290206/Marcos-Alonso | D2: Success | E2: Not found | F2: December 28, 1990 (Age:Â 34-343d) | G2: Madrid, Spain | H2: 188cm | I2: Spain | J2: DF-MF (CB-DM-FB-WM, left) | K2: Left | L2: 2009-2010 | M2: 18 years | N2: Real Madrid | O2: 2009 | P2: https://www.transfermarkt.com/marcos-alonso/profil/spieler/112515 | Q2: debe tenenr un solo urkl | R2: players corrected fbref
A3: 20714 | B3: Tal Ben Haim | C3: https://fbref.com/en/players/2277a390/Tal-Ben-Haim | D3: Success | E3: Not found | F3: 30041 | G3: Not found | H3: 183cm | I3: Israel | J3: DF (CB-FB, right) | K3: Right | L3: 2004-2005 | M3: 22 years | N3: Bolton | O3: 2004 | P3: https://www.transfermarkt.com/tal-ben-haim/profil/spieler/20714 | Q3: debe tenenr un solo urkl | R3: players corrected fbref
A4: 42411 | B4: Fraizer Campbell | C4: https://fbref.com/en/players/81d63375/Fraizer-Campbell | D4: Success | E4: Not found | F4: 32033 | G4: Not found | H4: 180cm | I4: England eng | J4: FW | K4: Right | L4: 2007-2008 | M4: 19 years | N4: Hull City | O4: 2007 | P4: https://www.transfermarkt.com/fraizer-campbell/profil/spieler/42411 | Q4: debe tenenr un solo urkl | R4: players corrected fbref
A5: 42411 | B5: Fraizer Campbell | C5: https://fbref.com/en/players/81d63375/Fraizer-Campbell | D5: Success | E5: Not found | F5: 32033 | G5: Not found | H5: 180cm | I5: England eng | J5: FW | K5: Right | L5: 2007-2008 | M5: 19 years | N5: Hull City | O5: 2007 | P5: https://www.transfermarkt.com/lee-camp/profil/spieler/42411 | Q5: debe tenenr un solo urkl | R5: players corrected fbref
A6: 21354 | B6: Marek ÄŒech | C6: https://fbref.com/en/players/4261b6d5/Marek-Cech | D6: Success | E6: Not found | F6: 30342 | G6: Not found | H6: 183cm | I6: Slovakia | J6: DF (FB, left) | K6: Not found | L6: 2005-2006 | M6: 22 years | N6: Porto | O6: 2005 | P6: https://www.transfermarkt.com/marek-ech/profil/spieler/21354 | Q6: debe tenenr un solo urkl | R6: players corrected fbref
A7: 12691 | B7: James Collins | C7: https://fbref.com/en/players/c61f1719/James-Collins | D7: Success | E7: Not found | F7: 30551 | G7: Not found | H7: 188cm | I7: Wales wls | J7: DF (CB) | K7: Right | L7: 2002-2003 | M7: 18 years | N7: Cardiff City | O7: 2002 | P7: https://www.transfermarkt.com/james-collins/profil/spieler/12691 | Q7: debe tenenr un solo urkl | R7: players corrected fbref
A8: 42352 | B8: DenÃ­lson | C8: https://fbref.com/en/players/2f07dee0/Denilson | D8: Success | E8: Not found | F8: 32189 | G8: Not found | H8: 179cm | I8: Brazil | J8: MF | K8: Right | L8: 2006-2007 | M8: 18 years | N8: Arsenal | O8: 2006 | P8: https://www.transfermarkt.com/denilson/profil/spieler/42352 | Q8: debe tenenr un solo urkl | R8: players corrected fbref
A9: 4068 | B9: Rob Edwards | C9: https://fbref.com/en/players/270efb21/Rob-Edwards | D9: Success | E9: Not found | F9: 30310 | G9: Not found | H9: 185cm | I9: Wales wls Â Other:Â England | J9: DF | K9: Not found | L9: 2002-2003 | M9: 19 years | N9: Aston Villa | O9: 2002 | P9: https://www.transfermarkt.com/rob-edwards/profil/spieler/4068 | Q9: debe tenenr un solo urkl | R9: players corrected fbref
A10: 9832 | B10: Paulo Ferreira | C10: https://fbref.com/en/players/4ca16d65/Paulo-Ferreira | D10: Success | E10: Not found | F10: 28873 | G10: Not found | H10: 182cm | I10: Portugal | J10: DF (FB) | K10: Not found | L10: 2001-2002 | M10: 22 years | N10: VitÃ³ria SetÃºbal | O10: 2001 | P10: https://www.transfermarkt.com/paulo-ferreira/profil/spieler/9832 | Q10: debe tenenr un solo urkl | R10: players corrected fbref
A11: 50935 | B11: Javier HernÃ¡ndez | C11: https://fbref.com/en/players/189cee7b/Javier-Hernandez | D11: Success | E11: Not found | F11: June 1, 1988 (Age:Â 37-188d) | G11: Guadalajara, Estado de Jalisco, Mexico | H11: 175cm | I11: Mexico | J11: FW | K11: Right | L11: 2006-2007 | M11: 18 years | N11: Guadalajara | O11: 2006 | P11: https://www.transfermarkt.com/javier-hernndez/profil/spieler/50935 | Q11: debe tenenr un solo urkl | R11: players corrected fbref
A12: 34156 | B12: JÃ´ | C12: https://fbref.com/en/players/e47d11f8/Jo | D12: Success | E12: Not found | F12: March 20, 1987 (Age:Â 38-261d) | G12: SÃ£o Paulo, Brazil | H12: 189cm | I12: Brazil | J12: FW | K12: Left | L12: 2006 | M12: 18 years | N12: CSKA Moscow | O12: Not found | P12: https://www.transfermarkt.com/j/profil/spieler/34156 | Q12: debe tenenr un solo urkl | R12: players corrected fbref
A13: 38773 | B13: Eddie Johnson | C13: https://fbref.com/en/players/3552c7f5/Eddie-Johnson | D13: Success | E13: Not found | F13: 30772 | G13: Not found | H13: 183cm | I13: United States | J13: FW | K13: Right | L13: 2001 | M13: 16 years | N13: Dallas Burn | O13: Not found | P13: https://www.transfermarkt.com/eddie-johnson/profil/spieler/38773 | Q13: debe tenenr un solo urkl | R13: players corrected fbref
A14: 44966 | B14: AdriÃ¡n LÃ³pez | C14: https://fbref.com/en/players/70392341/Adrian-Lopez | D14: Success | E14: Not found | F14: 31833 | G14: Not found | H14: 184cm | I14: Not found | J14: DF (CB) | K14: Right | L14: 2007-2008 | M14: 20 years | N14: La CoruÃ±a | O14: 2007 | P14: https://www.transfermarkt.com/adrian-lopez/profil/spieler/44966 | Q14: debe tenenr un solo urkl | R14: players corrected fbref
A15: 33706 | B15: Nani | C15: https://fbref.com/en/players/15e9c7e6/Nani | D15: Success | E15: Not found | F15: 31733 | G15: Not found | H15: 175cm | I15: Portugal | J15: FW-MF (AM-WM) | K15: Right | L15: 2005-2006 | M15: 18 years | N15: Sporting CP | O15: 2005 | P15: https://www.transfermarkt.com/nani/profil/spieler/33706 | Q15: debe tenenr un solo urkl | R15: players corrected fbref
A16: 54170 | B16: Ramires | C16: https://fbref.com/en/players/4cce2c67/Ramires | D16: Success | E16: Not found | F16: 31860 | G16: Not found | H16: 180cm | I16: Brazil | J16: MF (CM-DM-WM) | K16: Right | L16: 2009-2010 | M16: 22 years | N16: Benfica | O16: 2009 | P16: https://www.transfermarkt.com/ramires/profil/spieler/54170 | Q16: debe tenenr un solo urkl | R16: players corrected fbref
A17: 50057 | B17: Aaron Ramsey | C17: https://fbref.com/en/players/ef619b0b/Aaron-Ramsey | D17: Success | E17: Not found | F17: December 26, 1990 (Age:Â 34-345d) | G17: Caerphilly, Wales, United Kingdom | H17: 182cm | I17: Wales wls | J17: MF (AM-CM-DM) | K17: Right | L17: 2007-2008 | M17: 16 years | N17: Cardiff City | O17: 2007 | P17: https://www.transfermarkt.com/aaron-ramsey/profil/spieler/50057 | Q17: debe tenenr un solo urkl | R17: players corrected fbref
A18: 177321 | B18: Abdul Razak | C18: https://fbref.com/en/players/5e61927c/Abdul-Razak | D18: Success | E18: Not found | F18: 33919 | G18: Not found | H18: 180cm | I18: CÃ´te d'Ivoire | J18: MF | K18: Not found | L18: 2010-2011 | M18: 17 years | N18: Manchester City | O18: 2010 | P18: https://www.transfermarkt.com/abdul-razak/profil/spieler/177321 | Q18: debe tenenr un solo urkl | R18: players corrected fbref
A19: 37713 | B19: Cristian Riveros | C19: https://fbref.com/en/players/49ad3514/Cristian-Riveros | D19: Success | E19: Not found | F19: 30240 | G19: Not found | H19: 179cm | I19: Paraguay | J19: MF (CM-DM) | K19: Not found | L19: 2007-2008 | M19: 24 years | N19: Cruz Azul | O19: 2007 | P19: https://www.transfermarkt.com/cristian-riveros/profil/spieler/37713 | Q19: debe tenenr un solo urkl | R19: players corrected fbref
A20: 128909 | B20: Jack Robinson | C20: https://fbref.com/en/players/7399c7a8/Jack-Robinson | D20: Success | E20: Not found | F20: September 1, 1993 (Age:Â 32-096d) | G20: Warrington, England, United Kingdom | H20: 180cm | I20: England eng | J20: DF (CB-FB, left) | K20: Left | L20: 2009-2010 | M20: 15 years | N20: Liverpool | O20: 2009 | P20: https://www.transfermarkt.com/jack-robinson/profil/spieler/128909 | Q20: debe tenenr un solo urkl | R20: players corrected fbref
A21: 14063 | B21: Paul Robinson | C21: https://fbref.com/en/players/80cdbbe1/Paul-Robinson | D21: Success | E21: Not found | F21: 28838 | G21: Not found | H21: 178cm | I21: England eng | J21: DF (CB-FB, left) | K21: Left | L21: 1999-2000 | M21: 20 years | N21: Watford | O21: 1999 | P21: https://www.transfermarkt.com/paul-robinson/profil/spieler/14063 | Q21: debe tenenr un solo urkl | R21: players corrected fbref
A22: 3630 | B22: Paul Robinson | C22: https://fbref.com/en/players/3515ba56/Paul-Robinson | D22: Success | E22: Not found | F22: 29143 | G22: Not found | H22: 193cm | I22: England eng | J22: GK | K22: Right | L22: 1998-1999 | M22: 18 years | N22: Leeds United | O22: 1998 | P22: https://www.transfermarkt.com/paul-robinson/profil/spieler/3630 | Q22: debe tenenr un solo urkl | R22: players corrected fbref
A23: 50174 | B23: Danny Rose | C23: https://fbref.com/en/players/89d10e53/Danny-Rose | D23: Success | E23: Not found | F23: 33056 | G23: Not found | H23: 173cm | I23: England eng | J23: DF-MF (FB, left) | K23: Left | L23: 2008-2009 | M23: 18 years | N23: Watford | O23: 2008 | P23: https://www.transfermarkt.com/danny-rose/profil/spieler/50174 | Q23: debe tenenr un solo urkl | R23: players corrected fbref
A24: 92109 | B24: Ryan Shotton | C24: https://fbref.com/en/players/09f82c6e/Ryan-Shotton | D24: Success | E24: Not found | F24: 32446 | G24: Not found | H24: 191cm | I24: Not found | J24: DF-FW-MF (CB-FB-WM, right) | K24: Right | L24: 2007-2008 | M24: 18 years | N24: Altrincham | O24: 2007 | P24: https://www.transfermarkt.com/ryan-shotton/profil/spieler/92109 | Q24: debe tenenr un solo urkl | R24: players corrected fbref
A25: 35518 | B25: David Silva | C25: https://fbref.com/en/players/e2716bd0/David-Silva | D25: Success | E25: Not found | F25: 31420 | G25: Not found | H25: 170cm | I25: Spain | J25: FW-MF (AM-CM-WM) | K25: Left | L25: 2004-2005 | M25: 18 years | N25: Eibar | O25: 2004 | P25: https://www.transfermarkt.com/david-silva/profil/spieler/35518 | Q25: debe tenenr un solo urkl | R25: players corrected fbref
A26: 44352 | B26: Luis SuÃ¡rez | C26: https://fbref.com/en/players/a6154613/Luis-Suarez | D26: Success | E26: Not found | F26: January 24, 1987 (Age:Â 38-316d) | G26: Salto, Uruguay | H26: 182cm | I26: Uruguay | J26: FW | K26: Right | L26: 2006-2007 | M26: 19 years | N26: Groningen | O26: 2006 | P26: https://www.transfermarkt.com/luis-surez/profil/spieler/44352 | Q26: debe tenenr un solo urkl | R26: players corrected fbref
A27: 44352 | B27: Luis SuÃ¡rez | C27: https://fbref.com/en/players/a6154613/Luis-Suarez | D27: Success | E27: Not found | F27: January 24, 1987 (Age:Â 38-316d) | G27: Salto, Uruguay | H27: 182cm | I27: Uruguay | J27: FW | K27: Right | L27: 2006-2007 | M27: 19 years | N27: Groningen | O27: 2006 | P27: https://www.transfermarkt.com/luis-alberto/profil/spieler/44352 | Q27: debe tenenr un solo urkl | R27: players corrected fbref
A28: 7767 | B28: Fernando Torres | C28: https://fbref.com/en/players/bdf7b97d/Fernando-Torres | D28: Success | E28: Not found | F28: 30761 | G28: Not found | H28: 185cm | I28: Spain | J28: FW | K28: Right | L28: 2001-2002 | M28: 17 years | N28: AtlÃ©tico Madrid | O28: 2001 | P28: https://www.transfermarkt.com/fernando-torres/profil/spieler/7767 | Q28: debe tenenr un solo urkl | R28: players corrected fbref
A29: 7767 | B29: Fernando Torres | C29: https://fbref.com/en/players/bdf7b97d/Fernando-Torres | D29: Success | E29: Not found | F29: 30761 | G29: Not found | H29: 185cm | I29: Spain | J29: FW | K29: Right | L29: 2001-2002 | M29: 17 years | N29: AtlÃ©tico Madrid | O29: 2001 | P29: https://www.transfermarkt.com/fernando/profil/spieler/7767 | Q29: debe tenenr un solo urkl | R29: players corrected fbref
A30: 33544 | B30: Antonio Valencia | C30: https://fbref.com/en/players/08aa17d0/Antonio-Valencia | D30: Success | E30: Not found | F30: 31263 | G30: Not found | H30: 180cm | I30: Ecuador | J30: DF-MF (FB-WM, right) | K30: Right | L30: 2005-2006 | M30: 19 years | N30: Recreativo | O30: 2005 | P30: https://www.transfermarkt.com/antonio-valencia/profil/spieler/33544 | Q30: debe tenenr un solo urkl | R30: players corrected fbref
A31: 35773 | B31: Carlos Vela | C31: https://fbref.com/en/players/e0cd04e0/Carlos-Vela | D31: Success | E31: Not found | F31: 32568 | G31: Not found | H31: 177cm | I31: Mexico | J31: FW-MF | K31: Left | L31: 2006-2007 | M31: 17 years | N31: Salamanca | O31: 2006 | P31: https://www.transfermarkt.com/carlos-vela/profil/spieler/35773 | Q31: debe tenenr un solo urkl | R31: players corrected fbref
A32: 3183 | B32: Patrick Vieira | C32: https://fbref.com/en/players/f90f1086/Patrick-Vieira | D32: Success | E32: Not found | F32: 27934 | G32: Not found | H32: 193cm | I32: France fr Â Other:Â Senegal | J32: MF (CM-DM) | K32: Right | L32: 1995-1996 | M32: 19 years | N32: Cannes | O32: 1995 | P32: https://www.transfermarkt.com/patrick-vieira/profil/spieler/3183 | Q32: debe tenenr un solo urkl | R32: players corrected fbref
A33: 95424 | B33: Kyle Walker | C33: https://fbref.com/en/players/86dd77d1/Kyle-Walker | D33: Success | E33: Not found | F33: May 28, 1990 (Age:Â 35-192d) | G33: Sheffield, England, United Kingdom | H33: 178cm | I33: England eng | J33: DF-MF (FB, right) | K33: Right | L33: 2008-2009 | M33: 18 years | N33: Northampton | O33: 2008 | P33: https://www.transfermarkt.com/kyle-walker/profil/spieler/95424 | Q33: debe tenenr un solo urkl | R33: players corrected fbref
A34: 13683 | B34: Dean Whitehead | C34: https://fbref.com/en/players/a32204c9/Dean-Whitehead | D34: Success | E34: Not found | F34: 29972 | G34: Not found | H34: 180cm | I34: Not found | J34: DF-MF (CM-FB, right) | K34: Right | L34: 2002-2003 | M34: 20 years | N34: Oxford United | O34: 2002 | P34: https://www.transfermarkt.com/dean-whitehead/profil/spieler/13683 | Q34: debe tenenr un solo urkl | R34: players corrected fbref
A35: 119269 | B35: Shane Duffy | C35: https://fbref.com/en/players/7314bba4/Shane-Duffyhttps://fbref.com/en/players/fa6292e2/Bryan-Ruiz | D35: Success | E35: Not found | F35: January 1, 1992 (Age:Â 33-339d) | G35: Derry, Northern Ireland, United Kingdom | H35: 193cm | I35: Republic of Ireland ie Â Other:Â Northern Ireland | J35: DF-MF (CB, right) | K35: Right | L35: 2010-2011 | M35: 18 years | N35: Burnley | O35: 2010 | P35: https://www.transfermarkt.com/shane-duffy/profil/spieler/119269 | Q35: debe tenenr un solo urkl | R35: players corrected fbref
A36: 119269 | B36: Shane Duffy | C36: https://fbref.com/en/players/7314bba4/Shane-Duffy | D36: Success | E36: Not found | F36: January 1, 1992 (Age:Â 33-339d) | G36: Derry, Northern Ireland, United Kingdom | H36: 193cm | I36: Republic of Ireland ie Â Other:Â Northern Ireland | J36: DF-MF (CB, right) | K36: Right | L36: 2010-2011 | M36: 18 years | N36: Burnley | O36: 2010 | P36: https://www.transfermarkt.com/shane-duffy/profil/spieler/119269 | Q36: debe tenenr un solo urkl | R36: players corrected fbref
A37: 119269 | B37: Shane Duffy | C37: https://fbref.com/en/players/7314bba4/Shane-Duffy | D37: Success | E37: Not found | F37: January 1, 1992 (Age:Â 33-339d) | G37: Derry, Northern Ireland, United Kingdom | H37: 193cm | I37: Republic of Ireland ie Â Other:Â Northern Ireland | J37: DF-MF (CB, right) | K37: Right | L37: 2010-2011 | M37: 18 years | N37: Burnley | O37: 2010 | P37: https://www.transfermarkt.com/michael-duff/profil/spieler/119269 | Q37: debe tenenr un solo urkl | R37: players corrected fbref
A38: 93056 | B38: Emmanuel Frimpong | C38: https://fbref.com/en/players/524617b5/Emmanuel-Frimpong | D38: Success | E38: Not found | F38: 33613 | G38: Not found | H38: 178cm | I38: Ghana gh Â Other:Â England | J38: MF (DM) | K38: Right | L38: 2011-2012 | M38: 19 years | N38: Arsenal | O38: 2011 | P38: https://www.transfermarkt.com/emmanuel-frimpong/profil/spieler/93056 | Q38: debe tenenr un solo urkl | R38: players corrected fbref
A39: 66550 | B39: Ã€ngel Rangel | C39: https://fbref.com/en/players/93ee387c/Angel-Rangel | D39: Success | E39: Not found | F39: 30252 | G39: Not found | H39: 188cm | I39: Not found | J39: DF (FB, right) | K39: Right | L39: 2007-2008 | M39: 24 years | N39: Swansea City | O39: 2007 | P39: https://www.transfermarkt.com/ngel-rangel/profil/spieler/66550 | Q39: debe tenenr un solo urkl | R39: players corrected fbref
A40: 125117 | B40: Joe Riley | C40: https://fbref.com/en/players/63dd1061/Joe-Riley | D40: Success | E40: Not found | F40: 33524 | G40: Not found | H40: 183cm | I40: Not found | J40: DF (FB, right) | K40: Right | L40: 2011-2012 | M40: 19 years | N40: Bolton | O40: 2011 | P40: https://www.transfermarkt.com/joe-riley/profil/spieler/125117 | Q40: debe tenenr un solo urkl | R40: players corrected fbref
A41: 39642 | B41: Bryan Ruiz | C41: https://fbref.com/en/players/fa6292e2/Bryan-Ruiz | D41: Success | E41: Not found | F41: 31277 | G41: Not found | H41: 188cm | I41: Costa Rica | J41: FW-MF (AM-WM) | K41: Left | L41: 2006-2007 | M41: 20 years | N41: Gent | O41: 2006 | P41: https://www.transfermarkt.com/bryan-ruiz/profil/spieler/39642 | Q41: debe tenenr un solo urkl | R41: players corrected fbref
A42: 54275 | B42: AndrÃ© Santos | C42: https://fbref.com/en/players/2ee47557/Andre-Santos | D42: Success | E42: Not found | F42: 30383 | G42: Not found | H42: 182cm | I42: Brazil | J42: DF-MF (FB-WM, left) | K42: Not found | L42: 2009-2010 | M42: 26 years | N42: FenerbahÃ§e | O42: 2009 | P42: https://www.transfermarkt.com/andr-santos/profil/spieler/54275 | Q42: debe tenenr un solo urkl | R42: players corrected fbref
A43: 107010 | B43: Stefan SaviÄ‡ | C43: https://fbref.com/en/players/f6ac68c1/Stefan-Savic | D43: Success | E43: Not found | F43: January 8, 1991 (Age:Â 34-332d) | G43: Montenegro | H43: 188cm | I43: Montenegro | J43: DF-MF (CB, right) | K43: Right | L43: 2009-2010 | M43: 18 years | N43: BSK BorÄa | O43: 2009 | P43: https://www.transfermarkt.com/stefan-savi/profil/spieler/107010 | Q43: debe tenenr un solo urkl | R43: players corrected fbref
A44: 22230 | B44: Zak Whitbread | C44: https://fbref.com/en/players/846e7a85/Zak-Whitbread | D44: Success | E44: Not found | F44: 30745 | G44: Not found | H44: 188cm | I44: United States | J44: DF (CB) | K44: Left | L44: 2005-2006 | M44: 21 years | N44: Millwall | O44: 2005 | P44: https://www.transfermarkt.com/zak-whitbread/profil/spieler/22230 | Q44: debe tenenr un solo urkl | R44: players corrected fbref
A45: 122721 | B45: Nico Yennaris | C45: https://fbref.com/en/players/8cc4b934/Nico-Yennaris | D45: Success | E45: Not found | F45: May 23, 1993 (Age:Â 32-197d) | G45: Leytonstone, England, United Kingdom | H45: 174cm | I45: China PR cn Â Other:Â England | J45: DF-MF (CM-DM-FB) | K45: Right | L45: 2011-2012 | M45: 18 years | N45: Arsenal | O45: 2011 | P45: https://www.transfermarkt.com/nico-yennaris/profil/spieler/122721 | Q45: debe tenenr un solo urkl | R45: players corrected fbref
A46: 13443 | B46: Lee Camp | C46: https://fbref.com/en/players/df4b8b69/Lee-Camp | D46: Success | E46: Not found | F46: 30916 | G46: Not found | H46: 185cm | I46: Northern Ireland nir Â Other:Â England | J46: GK | K46: Right | L46: 2003-2004 | M46: 18 years | N46: QPR | O46: 2003 | P46: https://www.transfermarkt.com/lee-camp/profil/spieler/13443 | Q46: debe tenenr un solo urkl | R46: players corrected fbref
A47: 22412 | B47: JÃºlio CÃ©sar | C47: https://fbref.com/en/players/f619413f/Julio-Cesar | D47: Success | E47: Not found | F47: 29101 | G47: Not found | H47: 186cm | I47: Brazil | J47: GK | K47: Left | L47: 2005-2006 | M47: 25 years | N47: Inter | O47: 2005 | P47: https://www.transfermarkt.com/jlio-csar/profil/spieler/22412 | Q47: debe tenenr un solo urkl | R47: players corrected fbref
A48: 192765 | B48: Ben Davies | C48: https://fbref.com/en/players/44781702/Ben-Davies | D48: Success | E48: Not found | F48: April 24, 1993 (Age:Â 32-226d) | G48: Neath, Wales, United Kingdom | H48: 181cm | I48: Wales wls | J48: DF-MF (CB-FB, left) | K48: Left | L48: 2012-2013 | M48: 19 years | N48: Swansea City | O48: 2012 | P48: https://www.transfermarkt.com/ben-davies/profil/spieler/192765 | Q48: debe tenenr un solo urkl | R48: players corrected fbref
A49: 39037 | B49: Rob Elliot | C49: https://fbref.com/en/players/b1b25949/Rob-Elliot | D49: Success | E49: Not found | F49: 31532 | G49: Not found | H49: 190cm | I49: Republic of Ireland ie Â Other:Â England | J49: GK | K49: Left | L49: 2004-2005 | M49: 18 years | N49: Notts County | O49: 2004 | P49: https://www.transfermarkt.com/rob-elliot/profil/spieler/39037 | Q49: debe tenenr un solo urkl | R49: players corrected fbref
A50: 36350 | B50: Javi GarcÃ­a | C50: https://fbref.com/en/players/167c1bb0/Javi-Garcia | D50: Success | E50: Not found | F50: 31816 | G50: Not found | H50: 186cm | I50: Spain | J50: DF-MF (CB-CM-DM) | K50: Right | L50: 2004-2005 | M50: 17 years | N50: Real Madrid | O50: 2004 | P50: https://www.transfermarkt.com/javi-garca/profil/spieler/36350 | Q50: debe tenenr un solo urkl | R50: players corrected fbref
A51: 43853 | B51: Chris Gunter | C51: https://fbref.com/en/players/303a53e1/Chris-Gunter | D51: Success | E51: Not found | F51: 32710 | G51: Not found | H51: 180cm | I51: Wales wls | J51: DF-MF (FB, right) | K51: Right | L51: 2006-2007 | M51: 17 years | N51: Cardiff City | O51: 2006 | P51: https://www.transfermarkt.com/chris-gunter/profil/spieler/43853 | Q51: debe tenenr un solo urkl | R51: players corrected fbref
A52: 85314 | B52: Oscar | C52: https://fbref.com/en/players/57fe98dd/Oscar | D52: Success | E52: Not found | F52: September 9, 1991 (Age:Â 34-088d) | G52: Americana, Brazil | H52: 179cm | I52: Brazil | J52: FW-MF (AM-CM-WM) | K52: Right | L52: 2012-2013 | M52: 20 years | N52: Chelsea | O52: 2012 | P52: https://www.transfermarkt.com/oscar/profil/spieler/85314 | Q52: debe tenenr un solo urkl | R52: players corrected fbref
A53: 116655 | B53: Alex Smith | C53: https://fbref.com/en/players/1c8af6eb/Alex-Smith | D53: Success | E53: Not found | F53: 33542 | G53: Not found | H53: 177cm | I53: Not found | J53: DF | K53: Not found | L53: 2012-2013 | M53: 20 years | N53: Leyton Orient | O53: 2012 | P53: https://www.transfermarkt.com/alex-smith/profil/spieler/116655 | Q53: debe tenenr un solo urkl | R53: players corrected fbref
A54: 111961 | B54: Suso | C54: https://fbref.com/en/players/4e219ad2/Suso | D54: Success | E54: Not found | F54: November 19, 1993 (Age:Â 32-017d) | G54: Cadiz, Spain | H54: 176cm | I54: Spain | J54: FW-MF (AM, right) | K54: Left | L54: 2012-2013 | M54: 18 years | N54: Liverpool | O54: 2012 | P54: https://www.transfermarkt.com/suso/profil/spieler/111961 | Q54: debe tenenr un solo urkl | R54: players corrected fbref
A55: 71271 | B55: AdriÃ¡n | C55: https://fbref.com/en/players/f76e6b4e/Adrian | D55: Success | E55: Not found | F55: January 3, 1987 (Age:Â 38-337d) | G55: Sevilla, Spain | H55: 190cm | I55: Not found | J55: GK | K55: Right | L55: 2012-2013 | M55: 25 years | N55: Betis | O55: 2012 | P55: https://www.transfermarkt.com/adrian/profil/spieler/71271 | Q55: debe tenenr un solo urkl | R55: players corrected fbref
A56: 169090 | B56: El-Hadji Ba | C56: https://fbref.com/en/players/db89826f/El-Hadji-Ba | D56: Success | E56: Not found | F56: 34033 | G56: Not found | H56: 183cm | I56: Mauritania mr Â Other:Â France | J56: MF (CM-DM) | K56: Right | L56: 2011-2012 | M56: 18 years | N56: Le Havre | O56: 2011 | P56: https://www.transfermarkt.com/el-hadji-ba/profil/spieler/169090 | Q56: debe tenenr un solo urkl | R56: players corrected fbref
A57: 69609 | B57: JosÃ© CaÃ±as | C57: https://fbref.com/en/players/ab77f2d9/Jose-Canas | D57: Success | E57: Not found | F57: May 27, 1987 (Age:Â 38-193d) | G57: Rota, Spain | H57: 177cm | I57: Not found | J57: MF (DM) | K57: Right | L57: 2008-2009 | M57: 21 years | N57: Betis | O57: 2008 | P57: https://www.transfermarkt.com/jose-alberto-canas/profil/spieler/69609 | Q57: debe tenenr un solo urkl | R57: players corrected fbref
A58: 26267 | B58: Fernandinho | C58: https://fbref.com/en/players/101da2b5/Fernandinho | D58: Success | E58: Not found | F58: 31171 | G58: Not found | H58: 175cm | I58: Brazil | J58: DF-MF (AM-CB-CM-DM) | K58: Right | L58: 2005-2006 | M58: 20 years | N58: Shakhtar | O58: 2005 | P58: https://www.transfermarkt.com/fernandinho/profil/spieler/26267 | Q58: debe tenenr un solo urkl | R58: players corrected fbref
A59: 196522 | B59: Dwight Gayle | C59: https://fbref.com/en/players/e58a03c6/Dwight-Gayle | D59: Success | E59: Not found | F59: October 17, 1990 (Age:Â 35-050d) | G59: Walthamstow, England, United Kingdom | H59: 177cm | I59: Not found | J59: FW | K59: Right | L59: 2012-2013 | M59: 21 years | N59: P'borough Utd | O59: 2012 | P59: https://www.transfermarkt.com/dwight-gayle/profil/spieler/196522 | Q59: debe tenenr un solo urkl | R59: players corrected fbref
A60: 325105 | B60: Tom James | C60: https://fbref.com/en/players/4007ea81/Tom-James | D60: Success | E60: Not found | F60: April 15, 1996 (Age:Â 29-235d) | G60: Cardiff, Wales, United Kingdom | H60: 183cm | I60: Wales wls Â Other:Â England | J60: DF-MF (FB) | K60: Not found | L60: 2013-2014 | M60: 17 years | N60: Cardiff City | O60: 2013 | P60: https://www.transfermarkt.com/tom-james/profil/spieler/325105 | Q60: debe tenenr un solo urkl | R60: players corrected fbref
A61: 36787 | B61: William Kvist | C61: https://fbref.com/en/players/1c639185/William-Kvist | D61: Success | E61: Not found | F61: 31102 | G61: Not found | H61: 184cm | I61: Denmark | J61: MF (CM-DM) | K61: Right | L61: 2004-2005 | M61: 19 years | N61: FC Copenhagen | O61: 2004 | P61: https://www.transfermarkt.com/william-kvist/profil/spieler/36787 | Q61: debe tenenr un solo urkl | R61: players corrected fbref
A62: 57229 | B62: Paulinho | C62: https://fbref.com/en/players/bb7337cc/Paulinho | D62: Success | E62: Not found | F62: 32349 | G62: Not found | H62: 182cm | I62: Brazil | J62: MF (AM-DM) | K62: Right | L62: 2013-2014 | M62: 25 years | N62: Tottenham | O62: 2013 | P62: https://www.transfermarkt.com/paulinho/profil/spieler/57229 | Q62: debe tenenr un solo urkl | R62: players corrected fbref
A63: 183299 | B63: Callum Robinson | C63: https://fbref.com/en/players/e75750a3/Callum-Robinson | D63: Success | E63: Not found | F63: February 2, 1995 (Age:Â 30-307d) | G63: Northampton, England, United Kingdom | H63: 178cm | I63: Republic of Ireland ie Â Other:Â England | J63: FW-MF (AM) | K63: Right | L63: 2013-2014 | M63: 18 years | N63: Aston Villa | O63: 2013 | P63: https://www.transfermarkt.com/jack-robinson/profil/spieler/183299 | Q63: debe tenenr un solo urkl | R63: players corrected fbref
A64: 183299 | B64: Callum Robinson | C64: https://fbref.com/en/players/e75750a3/Callum-Robinson | D64: Success | E64: Not found | F64: February 2, 1995 (Age:Â 30-307d) | G64: Northampton, England, United Kingdom | H64: 178cm | I64: Republic of Ireland ie Â Other:Â England | J64: FW-MF (AM) | K64: Right | L64: 2013-2014 | M64: 18 years | N64: Aston Villa | O64: 2013 | P64: https://www.transfermarkt.com/callum-robinson/profil/spieler/183299 | Q64: debe tenenr un solo urkl | R64: players corrected fbref
A65: 175745 | B65: Brad Smith | C65: https://fbref.com/en/players/c76c717c/Brad-Smith | D65: Success | E65: Not found | F65: April 9, 1994 (Age:Â 31-241d) | G65: Penrith, Australia | H65: 178cm | I65: Australia au Â Other:Â England | J65: DF-MF (FB-WM, left) | K65: Left | L65: 2013-2014 | M65: 19 years | N65: Liverpool | O65: 2013 | P65: https://www.transfermarkt.com/brad-smith/profil/spieler/175745 | Q65: debe tenenr un solo urkl | R65: players corrected fbref
A66: 39518 | B66: Ben Turner | C66: https://fbref.com/en/players/b034ebe2/Ben-Turner | D66: Success | E66: Not found | F66: 32163 | G66: Not found | H66: 193cm | I66: England eng | J66: DF (CB) | K66: Right | L66: 2006-2007 | M66: 18 years | N66: P'borough Utd | O66: 2006 | P66: https://www.transfermarkt.com/ben-turner/profil/spieler/39518 | Q66: debe tenenr un solo urkl | R66: players corrected fbref
A67: 119296 | B67: Emre Can | C67: https://fbref.com/en/players/a65ce836/Emre-Can | D67: Success | E67: Not found | F67: January 12, 1994 (Age:Â 31-328d) | G67: Frankfurt am Main, Germany | H67: 184cm | I67: Germany | J67: DF-MF (CB-CM-DM) | K67: Right | L67: 2012-2013 | M67: 18 years | N67: Bayern Munich | O67: 2012 | P67: https://www.transfermarkt.com/emre-can/profil/spieler/119296 | Q67: debe tenenr un solo urkl | R67: players corrected fbref
A68: 36894 | B68: Michael Duff | C68: https://fbref.com/en/players/eabdc970/Michael-Duff | D68: Success | E68: Not found | F68: 28501 | G68: Not found | H68: 185cm | I68: Northern Ireland nir | J68: DF (CB) | K68: Right | L68: 2002-2003 | M68: 24 years | N68: Cheltenham | O68: 2002 | P68: https://www.transfermarkt.com/michael-duff/profil/spieler/36894 | Q68: debe tenenr un solo urkl | R68: players corrected fbref
A69: 51174 | B69: Fernando | C69: https://fbref.com/en/players/41f32541/Fernando | D69: Success | E69: Not found | F69: July 25, 1987 (Age:Â 38-134d) | G69: Alto ParaÃ­so de GoiÃ¡s, Brazil | H69: 183cm | I69: Brazil | J69: DF-MF (CM-DM) | K69: Right | L69: 2007-2008 | M69: 20 years | N69: Estrela | O69: 2007 | P69: https://www.transfermarkt.com/fernando/profil/spieler/51174 | Q69: debe tenenr un solo urkl | R69: players corrected fbref
A70: 314237 | B70: Rushian Hepburn-Murphy | C70: https://fbref.com/en/players/1e2012a6/Rushian-Hepburn-Murphy | D70: Success | E70: Not found | F70: September 19, 1998 (Age:Â 27-078d) | G70: Birmingham, England, United Kingdom | H70: 187cm | I70: England eng | J70: FW | K70: Right | L70: 2014-2015 | M70: 15 years | N70: Aston Villa | O70: 2014 | P70: https://www.transfermarkt.com/rushian-hepburn-murphy/profil/spieler/314237 | Q70: debe tenenr un solo urkl | R70: players corrected fbref
A71: 85928 | B71: Daniel Lafferty | C71: https://fbref.com/en/players/cfc41f7a/Daniel-Lafferty | D71: Success | E71: Not found | F71: April 1, 1989 (Age:Â 36-249d) | G71: Derry, Northern Ireland, United Kingdom | H71: 185cm | I71: Northern Ireland nir | J71: DF (FB, left) | K71: Left | L71: 2009-2010 | M71: 20 years | N71: Ayr United | O71: 2009 | P71: https://www.transfermarkt.com/daniel-lafferty/profil/spieler/85928 | Q71: debe tenenr un solo urkl | R71: players corrected fbref
A72: 111114 | B72: Kevin Long | C72: https://fbref.com/en/players/5a4280b1/Kevin-Long | D72: Success | E72: Not found | F72: August 18, 1990 (Age:Â 35-110d) | G72: Cork, Republic of Ireland | H72: 190cm | I72: Republic of Ireland | J72: DF (CB) | K72: Right | L72: 2010-2011 | M72: 19 years | N72: Acc'ton Stanley | O72: 2010 | P72: https://www.transfermarkt.com/kevin-long/profil/spieler/111114 | Q72: debe tenenr un solo urkl | R72: players corrected fbref
A73: 207917 | B73: Alberto Moreno | C73: https://fbref.com/en/players/11b9265b/Alberto-Moreno | D73: Success | E73: Not found | F73: July 5, 1992 (Age:Â 33-154d) | G73: Sevilla, Spain | H73: 172cm | I73: Spain | J73: DF-MF (FB, left) | K73: Left | L73: 2011-2012 | M73: 19 years | N73: Sevilla | O73: 2011 | P73: https://www.transfermarkt.com/alberto-moreno/profil/spieler/207917 | Q73: debe tenenr un solo urkl | R73: players corrected fbref
A74: 51226 | B74: Carlos SÃ¡nchez | C74: https://fbref.com/en/players/50b51fac/Carlos-Sanchez | D74: Success | E74: Not found | F74: 31449 | G74: Not found | H74: 182cm | I74: Colombia | J74: DF-MF (CM-DM) | K74: Right | L74: 2007-2008 | M74: 21 years | N74: Valenciennes | O74: 2007 | P74: https://www.transfermarkt.com/carlos-sanchez/profil/spieler/51226 | Q74: debe tenenr un solo urkl | R74: players corrected fbref
A75: 89718 | B75: Eduardo Vargas | C75: https://fbref.com/en/players/bd603c00/Eduardo-Vargas | D75: Success | E75: Not found | F75: November 20, 1989 (Age:Â 36-016d) | G75: Santiago, Chile | H75: 175cm | I75: Chile | J75: FW-MF (AM-WM) | K75: Right | L75: 2011-2012 | M75: 21 years | N75: Napoli | O75: 2011 | P75: https://www.transfermarkt.com/eduardo-vargas/profil/spieler/89718 | Q75: debe tenenr un solo urkl | R75: players corrected fbref
A76: 84481 | B76: Ã‰der | C76: https://fbref.com/en/players/f0fc9d0e/Eder | D76: Success | E76: Not found | F76: 32133 | G76: Not found | H76: 189cm | I76: Portugal pt Â Other:Â Guinea-Bissau | J76: FW | K76: Both | L76: 2008-2009 | M76: 20 years | N76: AcadÃ©mica | O76: 2008 | P76: https://www.transfermarkt.com/eder/profil/spieler/84481 | Q76: debe tenenr un solo urkl | R76: players corrected fbref
A77: 277118 | B77: Manu GarcÃ­a | C77: https://fbref.com/en/players/6ed1a2a2/Manu-Garcia | D77: Success | E77: Not found | F77: January 2, 1998 (Age:Â 27-338d) | G77: Oviedo, Spain | H77: 170cm | I77: Spain | J77: FW-MF (AM-CM) | K77: Right | L77: 2015-2016 | M77: 17 years | N77: Manchester City | O77: 2015 | P77: https://www.transfermarkt.com/manu-garca/profil/spieler/277118 | Q77: debe tenenr un solo urkl | R77: players corrected fbref
A78: 28140 | B78: Max Gradel | C78: https://fbref.com/en/players/c5a500ca/Max-Gradel | D78: Success | E78: Not found | F78: November 30, 1987 (Age:Â 38-006d) | G78: Abidjan, CÃ´te d'Ivoire | H78: 175cm | I78: CÃ´te d'Ivoire | J78: FW-MF (AM-WM, left) | K78: Right | L78: 2007-2008 | M78: 19 years | N78: Bournemouth | O78: 2007 | P78: https://www.transfermarkt.com/max-gradel/profil/spieler/28140 | Q78: debe tenenr un solo urkl | R78: players corrected fbref
A79: 81999 | B79: Joselu | C79: https://fbref.com/en/players/6265208f/Joselu | D79: Success | E79: Not found | F79: March 27, 1990 (Age:Â 35-254d) | G79: Stuttgart, Germany | H79: 192cm | I79: Spain es Â Other:Â Germany | J79: FW | K79: Right | L79: 2008-2009 | M79: 18 years | N79: Celta Vigo | O79: 2008 | P79: https://www.transfermarkt.com/joselu/profil/spieler/81999 | Q79: debe tenenr un solo urkl | R79: players corrected fbref
A80: 126737 | B80: Juanmi | C80: https://fbref.com/en/players/84399660/Juanmi | D80: Success | E80: Not found | F80: May 20, 1993 (Age:Â 32-200d) | G80: CoÃ­n, Spain | H80: 169cm | I80: Spain | J80: FW-MF (AM) | K80: Right | L80: 2009-2010 | M80: 16 years | N80: MÃ¡laga | O80: 2009 | P80: https://www.transfermarkt.com/juanmi/profil/spieler/126737 | Q80: debe tenenr un solo urkl | R80: players corrected fbref
A81: 281404 | B81: Kenedy | C81: https://fbref.com/en/players/5eebbfdf/Kenedy | D81: Success | E81: Not found | F81: February 8, 1996 (Age:Â 29-301d) | G81: Santa Rita do SapucaÃ­, Brazil | H81: 181cm | I81: Brazil | J81: FW-MF (WM) | K81: Left | L81: 2014 | M81: 17 years | N81: Fluminense | O81: Not found | P81: https://www.transfermarkt.com/kenedy/profil/spieler/281404 | Q81: debe tenenr un solo urkl | R81: players corrected fbref
A82: 91059 | B82: Joshua King | C82: https://fbref.com/en/players/43458538/Joshua-King | D82: Success | E82: Not found | F82: January 15, 1992 (Age:Â 33-325d) | G82: Oslo, Norway | H82: 180cm | I82: Norway | J82: FW-MF (AM) | K82: Right | L82: 2010-2011 | M82: 18 years | N82: Preston | O82: 2010 | P82: https://www.transfermarkt.com/joshua-king/profil/spieler/91059 | Q82: debe tenenr un solo urkl | R82: players corrected fbref
A83: 10375 | B83: Shaun MacDonald | C83: https://fbref.com/en/players/fdcff59c/Shaun-MacDonald | D83: Success | E83: Not found | F83: 32311 | G83: Not found | H83: 185cm | I83: Wales wls | J83: MF | K83: Right | L83: 2005-2006 | M83: 17 years | N83: Swansea City | O83: 2005 | P83: https://www.transfermarkt.com/shaun-macdonald/profil/spieler/10375 | Q83: debe tenenr un solo urkl | R83: players corrected fbref
A84: 167850 | B84: Memphis | C84: https://fbref.com/en/players/8f696594/Memphis | D84: Success | E84: Not found | F84: February 13, 1994 (Age:Â 31-296d) | G84: Moordrecht, Netherlands | H84: 176cm | I84: Netherlands | J84: FW-MF (AM-WM) | K84: Right | L84: 2011-2012 | M84: 17 years | N84: PSV Eindhoven | O84: 2011 | P84: https://www.transfermarkt.com/memphis/profil/spieler/167850 | Q84: debe tenenr un solo urkl | R84: players corrected fbref
A85: 65278 | B85: Pedro | C85: https://fbref.com/en/players/3ca7254a/Pedro | D85: Success | E85: Not found | F85: July 28, 1987 (Age:Â 38-131d) | G85: Santa Cruz de Tenerife, Spain | H85: 167cm | I85: Spain | J85: FW-MF (AM-WM, right) | K85: Right | L85: 2007-2008 | M85: 20 years | N85: Barcelona | O85: 2007 | P85: https://www.transfermarkt.com/pedro/profil/spieler/65278 | Q85: debe tenenr un solo urkl | R85: players corrected fbref
A86: 130164 | B86: Jordan Pickford | C86: https://fbref.com/en/players/4806ec67/Jordan-Pickford | D86: Success | E86: Not found | F86: March 7, 1994 (Age:Â 31-274d) | G86: Washington, England, United Kingdom | H86: 185cm | I86: England eng | J86: GK | K86: Left | L86: 2011-2012 | M86: 17 years | N86: Darlington | O86: 2011 | P86: https://www.transfermarkt.com/jordan-pickford/profil/spieler/130164 | Q86: debe tenenr un solo urkl | R86: players corrected fbref
A87: 296986 | B87: Tyler Roberts | C87: https://fbref.com/en/players/6c17e046/Tyler-Roberts | D87: Success | E87: Not found | F87: January 12, 1999 (Age:Â 26-328d) | G87: Gloucester, England, United Kingdom | H87: 180cm | I87: Wales wls Â Other:Â England | J87: FW-MF (AM) | K87: Right | L87: 2014-2015 | M87: 15 years | N87: West Brom | O87: 2014 | P87: https://www.transfermarkt.com/tyler-roberts/profil/spieler/296986 | Q87: debe tenenr un solo urkl | R87: players corrected fbref
A88: 30690 | B88: Sergio Romero | C88: https://fbref.com/en/players/1e26e376/Sergio-Romero | D88: Success | E88: Not found | F88: February 22, 1987 (Age:Â 38-287d) | G88: Bernardo de Irigoyen, Argentina | H88: 191cm | I88: Argentina | J88: GK | K88: Right | L88: 2007-2008 | M88: 20 years | N88: AZ Alkmaar | O88: 2007 | P88: https://www.transfermarkt.com/sergio-romero/profil/spieler/30690 | Q88: debe tenenr un solo urkl | R88: players corrected fbref
A89: 203026 | B89: Danny Ward | C89: https://fbref.com/en/players/d3ce0e89/Danny-Ward | D89: Success | E89: Not found | F89: June 22, 1993 (Age:Â 32-167d) | G89: Wrexham, Wales, United Kingdom | H89: 191cm | I89: Wales wls | J89: GK | K89: Right | L89: 2010-2011 | M89: 17 years | N89: Tamworth | O89: 2010 | P89: https://www.transfermarkt.com/danny-ward/profil/spieler/203026 | Q89: debe tenenr un solo urkl | R89: players corrected fbref
